hi,"Year 1","Year 2","Year 3","Year 4","Year 5",Selected,Active,Barcode(s),"Asset Type","Asset Name",Category,Course
1,No,No,No,No,No,No,Yes,DMM00214,0,"1 x Goosenecks for AKG 451","Brand: AKG",
2,No,No,No,No,No,No,Yes,DMM00924,0,"2.5m diameter vertical loudspeaker rig","Monitors and Amps",
3,No,No,No,No,No,No,Yes,DMM00156,0,"2M/2F XLR to 4xB-Gauge loom",Multicores,
4,No,No,No,No,No,No,Yes,DMM00182,0,"2 x Cannon S35 Darth Vader Passive Loudspeakers","Research equipment",
5,No,No,No,No,No,No,Yes,DMM00183,0,"2 x Cannon Wedge Shaped Loudspeakers","Research equipment",
6,No,No,No,No,No,No,Yes,DMM00184,0,"2 x Fane Mini Pro DML","Research equipment",
7,No,No,No,No,No,No,Yes,DMM00186,0,"2 x Genelec 8020 Speakers Kit 1","Monitors and Amps, Research equipment",
8,No,No,No,No,No,No,No,DMM00187,0,"2 x Genelec 8020 Speakers Kit 2","Monitors and Amps, Research equipment",
9,No,No,No,No,No,No,No,DMM00188,0,"2 x Genelec 8020 Speakers Kit 3","Monitors and Amps, Research equipment",
10,No,No,No,No,Yes,Yes,Yes,DMM01016,0,"2 x Genelec 8040 Speakers","Monitors and Amps, Research equipment",
11,No,No,No,No,No,No,Yes,DMM00185,0,"2 x Genelec Speakers + Subwoofer","Monitors and Amps, Research equipment",
12,No,No,No,No,No,No,Yes,DMM00189,0,"2 x Very poor quality loudspeaker","Monitors and Amps, Research equipment",
13,No,No,No,No,No,No,Yes,DMM00923,0,"4m diameter horizontal loudspeaker rig","Monitors and Amps",
14,No,No,No,No,No,No,No,DMM00926,0,"6 x brown starquad XLR",Cables,
15,No,No,No,No,No,No,No,DMM00925,0,"8 x grey XLR",Cables,
16,No,No,No,No,No,No,No,DMM00843,1,"AA Edit Suite","Media Labs","UOS / CMT"
17,No,No,No,No,No,No,Yes,DMM01098,0,"Ableton Push 2","Computer Interfaces & Peripherals","UOS / CMT"
18,No,Yes,No,Yes,Yes,Yes,Yes,"DMM00516, DMM00517, DMM00518",0,"AC Bag","Camera and Lens Accessories",
19,No,No,No,No,No,No,Yes,DMM00178,0,Acoustilyzer,"Research equipment",
20,No,No,No,No,No,No,Yes,DMM00130,0,"Active DI no. 1","DI boxes",
21,No,No,No,No,No,No,Yes,DMM00131,0,"Active DI no. 2","DI boxes",
22,No,No,No,No,No,No,Yes,DMM00132,0,"Active DI no. 3","DI boxes",
23,No,No,No,No,No,No,Yes,DMM00133,0,"Active DI no. 4","DI boxes",
24,No,No,No,No,No,No,Yes,"DMM00859, DMM00856, DMM00858, DMM00857",0,"Akai APC Key 25","Midi Controllers","UOS / CMT"
25,No,No,No,No,No,No,Yes,DMM00855,0,"AKAI MPK mini","Midi Controllers","UOS / CMT"
26,No,No,No,No,No,No,Yes,DMM00029,0,"AKG C12A x2 kit","Microphones, Brand: AKG, Type: Valve, Directivity: Omni, Directivity: Cardioid, Directivity: Fig-8, Directivity: Hyper, Directivity: Sub, Type: Condenser, Type: Large Diaphragm",
27,No,No,No,No,No,No,No,DMM00027,0,"AKG C12 x1 kit 1","Microphones, Brand: AKG, Type: Valve, Directivity: Omni, Directivity: Cardioid, Directivity: Fig-8, Directivity: Hyper, Directivity: Sub, Type: Condenser, Type: Large Diaphragm",
28,No,No,No,No,No,No,Yes,DMM00028,0,"AKG C12 x2 kit 2","Microphones, Brand: AKG, Type: Valve, Directivity: Omni, Directivity: Cardioid, Directivity: Fig-8, Directivity: Hyper, Directivity: Sub, Type: Condenser, Type: Large Diaphragm",
29,No,No,No,No,No,No,Yes,DMM00030,0,"AKG C24 x1 kit","Microphones, Brand: AKG, Type: Valve, Directivity: Omni, Directivity: Cardioid, Directivity: Fig-8, Directivity: Hyper, Directivity: Sub, Type: Condenser, Type: Large Diaphragm",
30,No,No,No,No,No,No,No,DMM00745,0,"AKG C3000 No. 1","Microphones, Brand: AKG",
31,No,No,No,No,No,No,Yes,DMM00019,0,"AKG C414B-ULS x2 kit 1","Microphones, Brand: AKG, Directivity: Omni, Directivity: Cardioid, Directivity: Fig-8, Directivity: Hyper, Type: Condenser, Type: Large Diaphragm",
32,No,No,No,No,No,No,Yes,DMM00020,0,"AKG C414B-ULS x2 kit 2","Microphones, Brand: AKG, Directivity: Omni, Directivity: Cardioid, Directivity: Fig-8, Directivity: Hyper, Type: Condenser, Type: Large Diaphragm",
33,No,No,No,No,No,No,Yes,DMM00021,0,"AKG C414B-XLS x1 kit 1","Microphones, Brand: AKG, Directivity: Omni, Directivity: Cardioid, Directivity: Fig-8, Directivity: Hyper, Type: Condenser, Type: Large Diaphragm",
34,No,No,No,No,No,No,Yes,DMM00022,0,"AKG C414B-XLS x1 kit 2","Microphones, Brand: AKG, Directivity: Omni, Directivity: Cardioid, Directivity: Fig-8, Directivity: Hyper, Type: Condenser, Type: Large Diaphragm",
35,No,No,No,No,No,No,Yes,DMM00023,0,"AKG C414B-XLS x1 kit 3","Microphones, Brand: AKG, Directivity: Omni, Directivity: Cardioid, Directivity: Fig-8, Directivity: Hyper, Type: Condenser, Type: Large Diaphragm",
36,No,No,No,No,No,No,No,DMM00024,0,"AKG C414B-XLS x1 kit 4","Microphones, Brand: AKG, Directivity: Omni, Directivity: Cardioid, Directivity: Fig-8, Directivity: Hyper, Type: Condenser, Type: Large Diaphragm",
37,No,No,No,No,No,No,Yes,DMM00025,0,"AKG C414B-XLS x1 kit 5","Microphones, Brand: AKG, Directivity: Omni, Directivity: Cardioid, Directivity: Fig-8, Directivity: Hyper, Type: Condenser, Type: Large Diaphragm",
38,No,No,No,No,No,No,Yes,DMM00026,0,"AKG C414B-XLS x1 kit 6","Microphones, Brand: AKG, Directivity: Omni, Directivity: Cardioid, Directivity: Fig-8, Directivity: Hyper, Type: Condenser, Type: Large Diaphragm",
39,No,No,No,No,No,No,Yes,DMM00018,0,"AKG C414EB x2 kit 1","Microphones, Brand: AKG, Directivity: Omni, Directivity: Cardioid, Directivity: Fig-8, Directivity: Hyper, Type: Condenser, Type: Large Diaphragm",
40,No,No,No,No,No,No,Yes,DMM00830,0,"AKG C414 XLS","Microphones, Brand: AKG","UOS / CMT"
41,No,No,No,No,No,No,Yes,DMM00031,0,"AKG C426","Microphones, Brand: AKG, Directivity: Omni, Directivity: Cardioid, Directivity: Fig-8, Directivity: Hyper, Directivity: Sub, Type: Condenser, Type: Large Diaphragm",
42,No,No,No,No,No,No,No,DMM00714,0,"AKG C451E Kit 1","TV Studio Microphones, Brand: AKG",
43,No,No,No,No,No,No,Yes,DMM00032,0,"AKG C451 x2 kit 1","Microphones, Brand: AKG, Directivity: Cardioid, Directivity: Fig-8, Type: Condenser, Type: Small Diaphragm",
44,No,No,No,No,No,No,Yes,DMM00033,0,"AKG C451 x2 kit 2","Microphones, Brand: AKG, Directivity: Omni, Directivity: Cardioid, Type: Condenser, Type: Small Diaphragm",
45,No,No,No,No,No,No,Yes,DMM00034,0,"AKG C460B x2 kit 1","Microphones, Brand: AKG, Directivity: Omni, Directivity: Cardioid, Type: Condenser, Type: Small Diaphragm",
46,No,No,No,No,No,No,Yes,DMM00035,0,"AKG C460B x2 kit 2","Mains distribution, Microphones, Brand: AKG, Directivity: Cardioid, Type: Condenser, Type: Small Diaphragm",
47,No,No,No,No,No,No,Yes,DMM00036,0,"AKG C567E","Microphones, Brand: AKG, Directivity: Omni, Type: Condenser, Type: Lavalier",
48,No,No,No,No,No,No,Yes,DMM00037,0,"AKG D112E","Microphones, Brand: AKG, Directivity: Cardioid, Type: Dynamic",
49,No,No,No,No,No,No,Yes,DMM00038,0,"AKG D12","Microphones, Brand: AKG, Directivity: Cardioid, Type: Dynamic",
50,No,No,No,No,No,No,Yes,DMM00719,0,"AKG Goosenecks","TV Studio Microphones, Brand: AKG",
51,No,No,No,No,No,No,Yes,DMM00147,0,"AKG Pop Shield No. 1","Pop shields",
52,No,No,No,No,No,No,Yes,DMM00148,0,"AKG Pop Shield No. 2","Pop shields",
53,No,No,No,No,No,No,Yes,DMM00146,0,"AKG Pop Shield No. 3","Pop shields",
54,No,No,No,No,No,No,Yes,DMM00886,0,"AKG Pop Shield No. 4","Pop shields",
55,No,No,No,No,No,No,Yes,DMM00883,0,"AKG Pop Shield No. 5","Pop shields",
56,No,No,No,No,No,No,Yes,DMM00884,0,"AKG Pop Shield No. 6","Pop shields",
57,No,No,No,No,No,No,Yes,DMM00885,0,"AKG Pop Shield No. 7","Pop shields",
58,Yes,Yes,No,Yes,Yes,Yes,Yes,"DMM00746, DMM00747, DMM00721, DMM00720, DMM00713",0,"AKG SE300B","Microphones, FPBE Microphones",FPBE
59,No,No,No,No,No,No,Yes,DMM01097,0,"ALM System Coupe","Musical Instruments, Computer Interfaces & Peripherals","UOS / CMT"
60,No,No,No,No,No,No,Yes,DMM01088,0,"Alto Flute No.1","Musical Instruments",
61,No,No,No,No,No,No,Yes,DMM01089,0,"Alto Flute No.2","Musical Instruments",
62,No,No,No,No,No,No,Yes,DMM00104,0,"ALU Location Recording Kit","Portable Recorders, Portable Consoles",
63,No,Yes,No,Yes,Yes,Yes,Yes,DMM00842,0,"Ambient Clockit Controller","Portable Recorders",FPBE
64,No,Yes,No,Yes,Yes,Yes,Yes,"DMM00839, DMM00840",0,"Ambient Lockit Box ","Stock, Portable Recorders",FPBE
65,No,No,No,No,No,No,Yes,DMM01140,0,"C-Stand 40"" With Sliding Leg","DSLR Cameras",FPBE
66,No,No,No,No,No,No,Yes,DMM01141,0,"C-Stand 40"" With Sliding Leg",,FPBE
67,No,No,No,No,No,No,Yes,DMM01142,0,"Aputure 2x Fresnel Lens",Lenses,FPBE
68,No,No,No,No,No,No,Yes,"DMM01143, DMM01144",0,"Aputure Barn Doors",,FPBE
69,Yes,Yes,No,Yes,Yes,Yes,Yes,DMM01106,0,"Aputure F10 Barn Doors","Lighting Accessories",
70,Yes,Yes,No,Yes,Yes,Yes,Yes,DMM01110,0,"Aputure F10 Fresnel Lens","Lenses, Lighting Accessories",
71,No,No,No,No,No,No,Yes,DMM01147,0,"Aputure Light Dome II","Lighting Accessories",FPBE
72,Yes,Yes,No,Yes,Yes,Yes,Yes,DMM01109,0,"Aputure Light Storm 600D Pro LED Light",Lighting,
73,No,No,No,No,No,No,Yes,DMM01145,0,"Aputure LS120D LED Spotlight",Lighting,FPBE
74,Yes,Yes,No,Yes,Yes,Yes,Yes,DMM01103,0,"Aputure MC 4-Light Travel Kit",Lighting,
75,No,No,No,No,No,No,Yes,DMM01146,0,"Aputure Space Light",Lighting,FPBE
76,No,No,No,No,No,No,Yes,"DMM00805, DMM00806, DMM00807, DMM00808, DMM00809, DMM00810, DMM00811",0,"Arduino kit","Computer Interfaces & Peripherals",
77,Yes,Yes,No,Yes,Yes,Yes,Yes,"DMM00934, DMM00959",0,"Arri 2000W Head Kit",Lighting,
78,Yes,Yes,No,Yes,Yes,Yes,Yes,DMM00519,0,"Arri 600W 3 head kit",Lighting,
79,Yes,Yes,No,Yes,Yes,Yes,Yes,DMM00520,0,"Arri 650W 3 head kit",Lighting,
80,Yes,Yes,No,Yes,Yes,Yes,Yes,DMM00933,0,"Arri 800W 3 Head Kit",Lighting,
81,No,Yes,No,Yes,Yes,Yes,Yes,"DMM00847, DMM00848",0,"Arri Follow Focus Kit","Camera and Lens Accessories",
82,Yes,Yes,No,Yes,Yes,Yes,Yes,"DMM00635, DMM01079",0,"Arri Lighting Kit",Lighting,
83,Yes,Yes,No,Yes,Yes,Yes,Yes,"DMM00636, DMM00637",0,"Arri Reflector - Medium ","Lighting Accessories",
84,Yes,Yes,No,Yes,Yes,Yes,Yes,"DMM00980, DMM00989, DMM00981, DMM00982, DMM00983, DMM00984, DMM00985, DMM00986, DMM00987, DMM00988",0,"Arri Sandbag No 1",Stock,
85,No,No,No,No,No,No,Yes,DMM00142,0,"ART 24-way mic splitter kit",Splitters,
86,No,No,No,No,No,No,Yes,DMM01034,0,"Arturia MicroFreak Vocoder","Musical Instruments, Computer Interfaces & Peripherals","UOS / CMT"
87,No,No,No,No,No,No,Yes,DMM01118,0,"Ashdown - Evo II 500 Bass amp","Monitors and Amps, Performance equipment","UOS / Music"
88,No,No,No,No,No,No,Yes,DMM01148,0,"Asus ZenPad 10 Android Tablet","Computer Interfaces & Peripherals",FPBE
89,No,No,No,Yes,Yes,Yes,No,DMM01134,1,"Atmos Room (14 AC 01)","Media Labs",
90,No,No,No,No,No,No,Yes,DMM01149,0,"Atomos 19M Calibration Cable for X-Rite i1","TV Studio Equipment",FPBE
91,No,No,No,No,No,No,Yes,DMM01150,0,"Atomos Shogun Flame","Portable Recorders, TV Studio Equipment",FPBE
92,No,Yes,No,Yes,Yes,Yes,Yes,DMM00375,0,"Atomos Shogun","Portable Recorders",
93,No,No,No,No,No,No,Yes,DMM01151,0,"Atomos Sumo 19M + Sunhood","Portable Recorders, TV Studio Equipment",FPBE
94,Yes,Yes,No,Yes,Yes,Yes,Yes,AudioLab,1,"Audio Lab (01 AC 02)",Other,
95,No,No,No,No,No,No,Yes,DMM00722,0,"Audio-Technics AT803","TV Studio Microphones",
96,No,No,No,No,No,No,Yes,DMM00723,0,"Audio-Technics AT803b","TV Studio Microphones",
97,No,No,No,No,No,No,Yes,DMM00724,0,"Audio-Technics AT8505","TV Studio Microphones",
98,No,No,No,No,No,No,Yes,DMM00873,0,"Audix D6",Microphones,Ton
99,No,No,No,No,No,No,No,DMM00756,0,"Baby Grand Kawai Piano (PA1)",Stock,
100,No,No,No,No,No,No,Yes,DMM01152,0,"Barco ClickShare CSE-200 Wireless Presentation System","Computer Interfaces & Peripherals",FPBE
101,No,No,No,No,No,No,Yes,DMM00863,0,"Baritone Sax","Musical Instruments",
102,No,No,No,No,No,No,Yes,DMM00775,0,"Bass Clarinet","Musical Instruments",
103,No,No,No,No,No,No,Yes,DMM01153,0,"Benro HH75AV Hi Hat Tripod & Head","Tripods & Mounts",FPBE
104,No,No,No,No,No,No,No,DMM00163,0,"Beyerdynamic DT 150 no. 1","Headphones and Headphone amps",
105,No,No,No,No,No,No,No,DMM00164,0,"Beyerdynamic DT 150 no. 2","Headphones and Headphone amps",
106,No,No,No,No,No,No,No,DMM00165,0,"Beyerdynamic DT 150 no. 3","Headphones and Headphone amps",
107,No,Yes,No,Yes,Yes,Yes,Yes,DMM01086,0,"Beyerdynamic DT770 Headphones No. 1","Headphones and Headphone amps",
108,No,Yes,No,Yes,Yes,Yes,Yes,DMM01087,0,"Beyerdynamic DT770 Headphones No. 2","Headphones and Headphone amps",
109,No,No,No,No,No,No,Yes,DMM01124,0,"Beyerdynamic M160 No 1","Microphones, Type: Ribbon, Directivity: Hyper, Brand: Beyerdynamic",
110,No,No,No,No,No,No,Yes,DMM01125,0,"Beyerdynamic M160 No 2","Microphones, Type: Ribbon, Directivity: Hyper, Brand: Beyerdynamic",
111,No,No,No,No,No,No,Yes,DMM00040,0,"Beyerdynamic M 88 TG No. 1","Microphones, Directivity: Hyper, Type: Dynamic, Brand: Beyerdynamic",
112,No,No,No,No,No,No,No,DMM00041,0,"Beyerdynamic M 88 TG No. 2","Microphones, Directivity: Hyper, Type: Dynamic, Brand: Beyerdynamic",
113,No,No,No,No,No,No,Yes,DMM00725,0,"Beyerdynamic MCE5.11","TV Studio Microphones",
114,No,No,No,No,No,No,Yes,DMM00726,0,"Beyerdynamic Opus 51","TV Studio Microphones",
115,No,No,No,No,No,No,Yes,DMM00039,0,"Beyerdynamic TG D57c x3 kit","Microphones, Directivity: Cardioid, Type: Condenser, Brand: Beyerdynamic",
116,No,No,No,No,No,No,Yes,DMM00042,0,"B&K 4011 x2 kit","Microphones, Brand: B&K/DPA, Directivity: Cardioid, Type: Condenser, Type: Small Diaphragm",
117,No,No,No,No,No,No,Yes,DMM00821,0,"Blackmagic MultiDock","Computer Interfaces & Peripherals",
118,No,No,No,No,Yes,Yes,Yes,DMM00377,0,"Blackmagic Production Camera 4K",Camcorders,
119,No,No,No,No,No,No,Yes,DMM00676,0,"Blackstar HT Club 40","Monitors and Amps, Performance equipment",
120,No,No,No,No,No,No,No,DMM00927,0,"Black XLR 1",Cables,
121,No,No,No,No,No,No,No,DMM00928,0,"Black XLR 2",Cables,
122,No,No,No,No,No,No,Yes,DMM00776,0,"Bongos (With Stand)","Musical Instruments",
123,No,No,No,No,No,No,Yes,DMM00521,0,"Boom pole","Tripods & Mounts",
124,Yes,Yes,No,Yes,Yes,Yes,Yes,"DMM00231, DMM00232",0,"Boom Pole - 3m","Tripods & Mounts",
125,No,No,No,No,No,No,Yes,DMM00154,0,"Bricasti no. 1","Effects units and pre amps",
126,No,No,No,No,No,No,Yes,DMM00155,0,"Bricasti no. 2","Effects units and pre amps",
127,No,No,No,No,No,No,Yes,CagedKit,0,"Caged Kit 1","Musical Instruments",
128,No,No,No,No,No,No,Yes,CagedKit2,0,"Caged Kit 2","Musical Instruments",
129,No,No,No,No,No,No,Yes,DMM00043,0,"Calrec CB20","Microphones, Directivity: Omni, Directivity: Cardioid, Type: Condenser, Type: Small Diaphragm, Brand: Calrec",
130,No,No,No,No,No,No,Yes,DMM00727,0,"CALREC CB20c CC50 No. 1","TV Studio Microphones",
131,No,No,No,No,No,No,Yes,DMM00044,0,"Calrec CM1050 x2","Microphones, Directivity: Cardioid, Type: Condenser, Type: Small Diaphragm, Brand: Calrec",
132,No,No,No,No,No,No,Yes,DMM00728,0,"Calrec No. 2","TV Studio Microphones",
133,No,No,No,No,No,No,No,DMM00045,0,"Calrec Soundfield MK4","Microphones, Directivity: Omni, Directivity: Cardioid, Directivity: Fig-8, Directivity: Hyper, Directivity: Sub, Type: Condenser, Brand: Calrec",
134,No,No,No,No,No,No,Yes,DMM00119,0,"Canford no. 1","Monitors and Amps",
135,No,No,No,No,No,No,Yes,DMM00120,0,"Canford no. 2","Monitors and Amps",
136,No,No,No,No,No,No,No,DMM01063,0,"Canford no. 3","Monitors and Amps",
137,No,No,No,No,No,No,No,DMM00442,0,"Canon 5D Kit","DSLR Cameras",
138,No,No,No,No,No,No,Yes,DMM00001,0,"Canon 5D Kit","DSLR Cameras",
139,Yes,Yes,No,Yes,Yes,Yes,Yes,"DMM00446, DMM00452, DMM00457, DMM00462, DMM00467, DMM00472, DMM00477, DMM00482, DMM00487, DMM00492, DMM00497, DMM00502, DMM00507",0,"Canon 6D ","DSLR Cameras",
140,No,No,No,No,No,No,Yes,DMM00823,0,"Canon 70D","DSLR Cameras",Ton
141,No,No,No,No,No,No,No,DMM00824,0,"Canon 70D No .2","DSLR Cameras",Ton
142,No,No,No,No,Yes,Yes,Yes,DMM00197,1,"Car park space 1","PATS Parking",
143,No,No,No,No,Yes,Yes,Yes,DMM00198,1,"Car park space 2","PATS Parking",
144,No,No,No,No,Yes,Yes,Yes,DMM00199,1,"Car park space 3","PATS Parking",
145,No,No,No,No,No,No,Yes,DMM00048,0,C-Ducer,Microphones,
146,No,No,No,No,No,No,Yes,DMM00777,0,"Chamber Organ","Musical Instruments",
147,No,Yes,No,Yes,Yes,Yes,Yes,DMM01078,0,"ChromaFlex And LiteRing","Lighting Accessories",
148,No,No,No,No,No,No,Yes,DMM01117,0,"Clash Cymbals - Orchestral.",Stock,
149,No,Yes,No,Yes,Yes,Yes,Yes,CMTStudio,1,"CMT Studio (13 AC 01)","Media Labs",
150,No,No,No,No,No,No,Yes,DMM00046,0,"Coles  4038 kit 1","Microphones, Type: Ribbon, Directivity: Fig-8, Brand: Coles",
151,No,No,No,No,No,No,Yes,DMM00047,0,"Coles  4038 kit 2","Microphones, Type: Ribbon, Directivity: Fig-8, Brand: Coles",
152,No,No,No,No,No,No,Yes,DMM01123,0,"Coles 4038 Stereo Bar","Trees & stereo bars",
153,No,Yes,No,Yes,Yes,Yes,Yes,DMM00905,0,"Colorchecker PASSPORT VIDEO",Camcorders,FPBE
154,No,No,No,No,No,No,Yes,DMM00166,0,"Complete HP kit 1 (DT150+box+lead)","Headphones and Headphone amps",
155,No,No,No,No,No,No,Yes,DMM00167,0,"Complete HP kit 2 (DT150+box+lead)","Headphones and Headphone amps",
156,No,No,No,No,No,No,Yes,DMM00778,0,"Conga No. 1","Musical Instruments",
157,No,No,No,No,No,No,Yes,DMM00779,0,"Conga No. 2","Musical Instruments",
158,No,No,No,No,No,No,Yes,DMM00176,0,"Cortex MK2 HATS","Research equipment",
159,No,No,No,No,No,No,Yes,DMM01052,0,"Countryman EM-101 No. 1","Microphones, Directivity: Omni, Type: Condenser, Type: Lavalier",
160,No,No,No,No,No,No,Yes,DMM01053,0,"Countryman EM-101 No. 2","Microphones, Directivity: Omni, Type: Condenser, Type: Lavalier",
161,No,No,No,No,No,No,Yes,"DMM00729, DMM00730, DMM00731, DMM00732",0,"Countryman ","TV Studio Microphones",
162,No,No,No,No,No,No,Yes,"DMM01139, DMM01137, DMM01138, DMM01136",0,"C-Stand 40"" With Sliding Leg","Tripods & Mounts",FPBE
163,Yes,Yes,No,Yes,Yes,Yes,Yes,DMM00914,0,"C-Stand no1","Tripods & Mounts",FPBE
164,Yes,Yes,No,Yes,Yes,Yes,Yes,DMM00913,0,"C-Stand no2","Tripods & Mounts",FPBE
165,No,No,No,No,No,No,Yes,DMM01154,0,"CTO Gel Kit",,FPBE
166,Yes,Yes,No,Yes,Yes,Yes,Yes,ResolveDongle,0,"DaVinci Resolve Studio Dongle",,
167,No,No,No,No,No,No,Yes,DMM01155,0,"Daylight Filters (5 Colour ) Kit",Filters,FPBE
168,No,No,No,No,No,No,Yes,DMM00114,0,"DDA 24-channel console no. 1","Portable Consoles",
169,No,No,No,No,No,No,Yes,DMM00115,0,"DDA 24-channel console no. 2","Portable Consoles",
170,Yes,Yes,No,Yes,Yes,Yes,Yes,"DMM00557, DMM00570",0,"Dedo LED Light Kit",Lighting,
171,Yes,Yes,No,Yes,Yes,Yes,Yes,"DMM00522, DMM00528",0,"Dedo Light Kit",Lighting,
172,Yes,Yes,No,Yes,Yes,Yes,Yes,DMM00534,0,"Dedo Light Projector kit",Lighting,
173,Yes,Yes,No,Yes,Yes,Yes,Yes,DMM00864,0,"DJI Ronin-MX","Tripods & Mounts",FPBE
174,No,No,No,No,No,No,Yes,"DMM00233, DMM00244, DMM00255, DMM00266",0,"DMA Sound Kit","Portable Recorders",
175,No,No,No,No,No,No,Yes,DMM00277,0,"DMA Sound Kit 5","Portable Recorders",
176,No,No,No,No,No,No,Yes,DoubleBass,0,"Double Bass","Musical Instruments",
177,No,No,No,No,No,No,Yes,DMM00049,0,"DPA 4006 x2 kit 1","Microphones, Brand: B&K/DPA, Directivity: Omni, Type: Condenser, Type: Small Diaphragm",
178,No,No,No,No,No,No,Yes,DMM00874,0,"DPA 4006 x2 kit 2","Microphones, Brand: B&K/DPA, Directivity: Omni, Type: Condenser, Type: Small Diaphragm",Ton
179,No,No,No,No,No,No,Yes,DMM00050,0,"DPA 4011 x2 kit","Microphones, Brand: B&K/DPA, Directivity: Cardioid, Type: Condenser, Type: Small Diaphragm",
180,No,No,No,No,No,No,Yes,DMM00051,0,"DPA 4015 x2 kit","Microphones, Brand: B&K/DPA, Directivity: Sub, Type: Condenser, Type: Small Diaphragm",
181,No,No,No,No,No,No,Yes,"DMM00288, DMM00289, DMM00290, DMM00860, DMM01133",0,"DPA 4060 x2","Microphones, Brand: B&K/DPA",
182,No,No,No,No,No,No,Yes,DMM00917,0,"DPA Decca Tree kit","Trees & stereo bars",
183,No,No,No,No,No,No,Yes,DMM01171,0,"DPA D:Facto 4018VL","Microphones, Brand: B&K/DPA, Directivity: Super-Cardioid",
184,No,No,No,No,No,No,Yes,DMM00052,0,"DPA SC4061 Stereo Mic Kit","Microphones, Brand: B&K/DPA, Directivity: Omni, Type: Condenser, Type: Small Diaphragm",
185,No,No,No,No,No,No,Yes,"DMM01156, DMM01157, DMM01158, DMM01159",0,"DragonFrame USB Keypad Controller","Computer Interfaces & Peripherals",FPBE
186,Yes,Yes,No,Yes,Yes,Yes,Yes,DMM01112,0,"Dual Grip Camera Should Rig","DSLR Cameras, Tripods & Mounts",
187,No,No,No,No,No,No,Yes,DMM01160,0,"Dynamixyz GoPro Head Mount",Camcorders,FPBE
188,No,No,No,No,No,No,Yes,DMM01161,0,"Edelkrone FlexTILT Head 2","Tripods & Mounts",FPBE
189,No,No,No,No,No,No,Yes,DMM01162,0,"Edelkrone HeadONE","Tripods & Mounts",FPBE
190,No,No,No,No,No,No,Yes,DMM01163,0,"Edelkrone P1 Shutter Release Cable","Tripods & Mounts",FPBE
191,No,No,No,No,No,No,Yes,DMM01165,0,"Edelkrone StandONE","Tripods & Mounts",FPBE
192,No,No,No,No,No,No,Yes,DMM01164,0,"Edelkrone Tilt Kit for HeadONE","Tripods & Mounts",FPBE
193,No,No,No,No,No,No,Yes,Edit1,1,"Edit 1 (25C)","PATS Edit Rooms",
194,No,No,No,No,No,No,Yes,Edit2,1,"Edit 2 (25D)","PATS Edit Rooms",
195,Yes,No,No,No,No,Yes,Yes,Edit3,1,"Edit 3 (25E)","PATS Edit Rooms",
196,No,No,No,No,No,No,Yes,TurnTable,0,"Edit 3 Turntable","Research equipment",
197,Yes,Yes,No,Yes,Yes,Yes,Yes,Edit4,1,"Edit 4","PATS Edit Rooms",
198,Yes,Yes,No,Yes,Yes,Yes,No,DMM00975,0,"Edit 4 Thunderbolt Adaptor",Stock,
199,Yes,Yes,No,Yes,Yes,Yes,Yes,Edit5,1,"Edit 5","PATS Edit Rooms",
200,Yes,Yes,No,Yes,Yes,Yes,No,DMM00976,0,"Edit 5 Thunderbolt Adaptor",Stock,
201,No,No,No,No,No,No,Yes,DMM01167,0,"Eigenmike64 kit",Microphones,
202,No,No,No,No,No,No,No,DMM00053,0,"Electrovoice RE20 kit 1","Microphones, Directivity: Cardioid, Type: Dynamic, Type: Large Diaphragm, Brand: Electrovoice",
203,Yes,No,No,No,No,Yes,Yes,DMM00054,0,"Electrovoice RE20 kit 2","Microphones, Directivity: Cardioid, Type: Dynamic, Type: Large Diaphragm, Brand: Electrovoice",
204,Yes,No,No,No,No,Yes,Yes,DMM00055,0,"Electrovoice RE20 kit 3","Microphones, Directivity: Cardioid, Type: Dynamic, Type: Large Diaphragm, Brand: Electrovoice",
205,No,No,No,No,No,No,Yes,DMM00967,0,"Elektron - Digitone (Polyphonic Digital Synth)","Performance equipment, Computer Interfaces & Peripherals","UOS / CMT"
206,No,No,No,No,No,No,Yes,DMM00680,0,"Fender Hotrod Deluxe","Monitors and Amps, Performance equipment",
207,No,No,No,No,No,No,Yes,DMM00862,0,"Fender Hotrod Deluxe No.2","Monitors and Amps, Performance equipment",
208,No,No,No,No,No,No,Yes,"DMM00681, DMM00682",0,"Fender P150 No. 1","Performance equipment",
209,No,No,No,No,No,No,Yes,DMM00841,0,"Fender Rumble 100 Bass AMP","Monitors and Amps, Performance equipment","UOS / Music"
210,No,No,No,No,No,No,Yes,DMM01278,0,"Field Recording Kit","Portable Recorders, Microphones, Mobile boxes, Directivity: Shotgun",
211,No,No,No,No,No,No,Yes,DMM00540,0,"Filter Kit",Filters,
212,No,Yes,No,Yes,Yes,Yes,Yes,DMM00541,0,"Filter Schneider 4x5.65 - 85",Filters,
213,No,Yes,No,Yes,Yes,Yes,Yes,DMM00542,0,"Filter Schneider 4x5.65 - Amber Sev 1",Filters,
214,No,Yes,No,Yes,Yes,Yes,Yes,DMM00543,0,"Filter Schneider 4x5.65 - Clear",Filters,
215,No,Yes,No,Yes,Yes,Yes,Yes,DMM00544,0,"Filter Schneider 4x5.65 - Coral 1/8",Filters,
216,No,Yes,No,Yes,Yes,Yes,Yes,DMM00545,0,"Filter Schneider 4x5.65 - HD Classic Soft 1/4",Filters,
217,No,Yes,No,Yes,Yes,Yes,Yes,DMM00546,0,"Filter Schneider 4x5.65 - Lin Trued Pol",Filters,
218,No,Yes,No,Yes,Yes,Yes,Yes,DMM00547,0,"Filter Schneider 4x5.65 - ND 0.6 SEH",Filters,
219,No,Yes,No,Yes,Yes,Yes,Yes,DMM00548,0,"Filter Schneider 4x5.65 - True-Streak Blue  2MM",Filters,
220,No,Yes,No,Yes,Yes,Yes,Yes,DMM00549,0,"Filter Tiffen Black Pro-mist 1/4",Filters,
221,No,No,No,No,No,No,Yes,DMM01022,0,"Focusrite Scarlett 2i2 Interface No. 1","Computer Interfaces & Peripherals","UOS / CMT"
222,No,No,No,No,No,No,Yes,DMM01023,0,"Focusrite Scarlett 2i2 Interface No. 2","Computer Interfaces & Peripherals","UOS / CMT"
223,No,No,No,No,No,No,No,DMM00767,1,"Foyer Area",Rooms,
224,Yes,Yes,No,Yes,Yes,Yes,Yes,DMM00935,0,"FPBE AKG C414-XLS Kit 1","Microphones, Brand: AKG, Directivity: Omni, Directivity: Cardioid, Directivity: Fig-8, Directivity: Hyper, Type: Condenser, Type: Large Diaphragm",FPBE
225,Yes,Yes,No,Yes,Yes,Yes,Yes,DMM00936,0,"FPBE AKG C414-XLS Kit 2","Microphones, Brand: AKG, Directivity: Omni, Directivity: Cardioid, Directivity: Fig-8, Directivity: Hyper, Type: Condenser, Type: Large Diaphragm",
226,Yes,Yes,No,Yes,Yes,Yes,Yes,DMM00997,0,"FVPT Extension no. 1","Mains extensions",
227,Yes,Yes,No,Yes,Yes,Yes,Yes,DMM00998,0,"FVPT Extension no. 2","Mains extensions",
228,Yes,Yes,No,Yes,Yes,Yes,Yes,DMM00999,0,"FVPT Extension no. 3","Mains extensions",
229,Yes,Yes,No,Yes,Yes,Yes,Yes,DMM01001,0,"FVPT Mains Distribution no. 1","Mains distribution",
230,Yes,Yes,No,Yes,Yes,Yes,Yes,DMM01002,0,"FVPT Mains Distribution no. 2","Mains distribution",
231,Yes,Yes,No,Yes,Yes,Yes,Yes,DMM01003,0,"FVPT Mains Distribution no. 3","Mains distribution",
232,No,No,No,No,No,No,Yes,DMM01066,0,"FVPT Mains Distribution no. 4","Mains distribution",
233,Yes,Yes,No,Yes,Yes,Yes,No,"FVPTTransit, DMM00895, DMM00896, DMM00897, DMM00898",0,"FVPT Transit store Key",Stock,FPBE
234,No,No,No,No,No,No,Yes,DMM01187,0,"G:Drive 1TB #1","Hard Drives",
235,No,No,No,No,No,No,Yes,DMM01224,0,"G:Drive 1TB #10","Hard Drives",
236,No,No,No,No,No,No,Yes,DMM01226,0,"G:Drive 1TB #11","Hard Drives",
237,No,No,No,No,No,No,Yes,DMM01227,0,"G:Drive 1TB #12","Hard Drives",
238,No,No,No,No,No,No,Yes,DMM01228,0,"G:Drive 1TB #13","Hard Drives",
239,No,No,No,No,No,No,Yes,DMM01229,0,"G:Drive 1TB #14","Hard Drives",
240,No,No,No,No,No,No,Yes,DMM01230,0,"G:Drive 1TB #15","Hard Drives",
241,No,No,No,No,No,No,Yes,DMM01231,0,"G:Drive 1TB #16","Hard Drives",
242,No,No,No,No,No,No,Yes,DMM01232,0,"G:Drive 1TB #17","Hard Drives",
243,No,No,No,No,No,No,Yes,DMM01233,0,"G:Drive 1TB #18","Hard Drives",
244,No,No,No,No,No,No,Yes,DMM01234,0,"G:Drive 1TB #19","Hard Drives",
245,No,No,No,No,No,No,Yes,DMM01217,0,"G:Drive 1TB #2","Hard Drives",
246,No,No,No,No,No,No,Yes,DMM01235,0,"G:Drive 1TB #20","Hard Drives",
247,No,No,No,No,No,No,Yes,DMM01236,0,"G:Drive 1TB #21","Hard Drives",
248,No,No,No,No,No,No,Yes,DMM01218,0,"G:Drive 1TB #3","Hard Drives",
249,No,No,No,No,No,No,Yes,DMM01219,0,"G:Drive 1TB #4","Hard Drives",
250,No,No,No,No,No,No,Yes,DMM01220,0,"G:Drive 1TB #5","Hard Drives",
251,No,No,No,No,No,No,Yes,DMM01221,0,"G:Drive 1TB #6","Hard Drives",
252,No,No,No,No,No,No,Yes,DMM01222,0,"G:Drive 1TB #7","Hard Drives",
253,No,No,No,No,No,No,Yes,DMM01223,0,"G:Drive 1TB #8","Hard Drives",
254,No,No,No,No,No,No,Yes,DMM01225,0,"G:Drive 1TB #9","Hard Drives",
255,Yes,Yes,No,Yes,Yes,Yes,Yes,"DMM00550, DMM00551",0,"Glidecam XR-Pro","Tripods & Mounts",
256,No,No,No,No,No,No,Yes,DMM00780,0,Glockenspiel,"Musical Instruments",
257,No,No,No,No,No,No,Yes,DMM01121,0,"Granite Temple Blocks","Musical Instruments",
258,Yes,Yes,No,Yes,Yes,Yes,Yes,DMM00689,0,"Hague DRIVE Camslide Slider","Tripods & Mounts",
259,No,No,No,No,No,No,Yes,DMM01115,0,"Haken Audio ContinuuMini","Computer Interfaces & Peripherals","UOS / CMT"
260,Yes,No,No,No,No,Yes,Yes,DMM00056,0,"Hebden Sound HS3000 x2 kit 1","Microphones, Directivity: Omni, Directivity: Cardioid, Directivity: Hyper, Directivity: Sub, Type: Condenser, Type: Small Diaphragm, Brand: Hebden Sound",
261,No,No,No,No,No,No,Yes,DMM00057,0,"Hebden Sound HS3000 x2 kit 2","Microphones, Directivity: Omni, Directivity: Cardioid, Directivity: Hyper, Directivity: Sub, Type: Condenser, Type: Small Diaphragm, Brand: Hebden Sound",
262,Yes,No,No,No,No,Yes,Yes,DMM00058,0,"Hebden Sound HS3000 x2 kit 3","Microphones, Directivity: Cardioid, Directivity: Hyper, Directivity: Sub, Type: Condenser, Type: Small Diaphragm, Brand: Hebden Sound",
263,Yes,No,No,No,No,Yes,Yes,DMM00059,0,"Hebden Sound HS3000 x2 kit 4","Microphones, Directivity: Cardioid, Directivity: Hyper, Directivity: Sub, Type: Condenser, Type: Small Diaphragm, Brand: Hebden Sound",
264,No,Yes,No,Yes,Yes,Yes,Yes,DMM01071,0,"Hollyland MARS Pro Wireless Transmission",Stock,
265,Yes,Yes,No,Yes,Yes,Yes,Yes,"DMM00638, DMM00639",0,"Hot-Shoe LED light",Lighting,
266,No,No,No,No,Yes,Yes,Yes,"DMM00748, DMM00749",0,"Ianiro Panel Light ",Lighting,
267,No,No,No,No,No,No,No,DMM00836,0,"IDS Indie Dolly Systems curved track kit",Stock,"FASS / DMA"
268,No,Yes,No,Yes,Yes,Yes,Yes,DMM00820,0,"iLok Kit 1",Stock,
269,No,Yes,No,Yes,Yes,Yes,Yes,DMM00690,0,"Indy Dolly System","Tripods & Mounts",
270,No,No,No,No,No,No,Yes,DMM00691,0,"Interfit Cor 750 Light Stand","Tripods & Mounts",
271,No,No,No,No,No,No,Yes,DMM00103,0,"JoeCo Multitrack Recorder","Portable Recorders",
272,No,Yes,No,Yes,Yes,Yes,Yes,DMM00552,0,"JVC 9"" Location Monitor","Location Video Monitors",
273,No,No,No,No,Yes,Yes,Yes,"DMM00381, DMM00385, DMM00390, DMM00796",0,"JVC Camcorder Kit",Camcorders,
274,No,No,No,No,No,No,No,DMM00822,0,"JVC No. 1 (Cam 4)",Camcorders,
275,No,No,No,No,No,No,Yes,DMM00692,0,"Kessler Pocket Jib (Camera Crane)","Tripods & Mounts",
276,No,No,No,No,No,No,Yes,DMM00143,0,"K&M Stereo bar 1 (Large)","Trees & stereo bars",
277,No,No,No,No,No,No,Yes,DMM00144,0,"K&M Stereo Bar 2 (Large)","Trees & stereo bars",
278,No,No,No,No,No,No,Yes,DMM00145,0,"K&M Stereo Bar 3 (Large)","Trees & stereo bars",
279,No,No,No,No,No,No,Yes,DMM00880,0,"K&M Stereo Bar 4 (Large)","Trees & stereo bars",
280,No,No,No,No,No,No,Yes,DMM00881,0,"K&M Stereo Bar 5 (Small)","Trees & stereo bars",
281,No,No,No,No,No,No,Yes,DMM00882,0,"K&M Stereo Bar 6 (Small)","Trees & stereo bars",
282,No,No,No,No,No,No,Yes,DMM01005,0,"K&M Stereo Bar 7 (Small)","Trees & stereo bars",
283,No,No,No,No,No,No,Yes,DMM01006,0,"K&M Stereo Bar 8 (Small)","Trees & stereo bars",
284,No,No,No,No,No,No,Yes,DMM01031,0,"Koma Field Kit Electro Acoustic Workstation","Computer Interfaces & Peripherals",
285,No,No,No,No,No,No,Yes,DMM01030,0,"Koma Field Kit FX","Computer Interfaces & Peripherals",
286,No,No,No,No,No,No,Yes,DMM01035,0,"Korg Minilogue XD","Musical Instruments, Computer Interfaces & Peripherals","UOS / CMT"
287,No,No,No,No,No,No,Yes,DMM01020,0,"Korg MS-20 Mini Synthesizer 1","Performance equipment, Musical Instruments","UOS / CMT"
288,No,No,No,No,No,No,Yes,DMM01021,0,"Korg MS-20 Mini Synthesizer 2","Performance equipment, Musical Instruments","UOS / CMT"
289,No,No,No,No,No,No,Yes,"DMM01041, DMM01061, DMM01042, DMM01043, DMM01044, DMM01045, DMM01046, DMM01040, DMM01059, DMM01060",0,"Korg nanoKONTROL2","Computer Interfaces & Peripherals","UOS / CMT"
290,No,No,No,No,No,No,Yes,DMM01024,0,"Korg SQ-1 Analogue Step Sequencer","Computer Interfaces & Peripherals","UOS / CMT"
291,No,No,No,No,No,No,Yes,DMM01067,0,"Korg SQ-64 Poly Sequencer","Computer Interfaces & Peripherals","UOS / CMT"
292,No,No,No,No,No,No,Yes,DMM01237,0,"Lacie 1TB USB-C HD #1","Hard Drives",
293,No,No,No,No,No,No,Yes,DMM01246,0,"Lacie 1TB USB-C HD #10","Hard Drives",
294,No,No,No,No,No,No,Yes,DMM01247,0,"Lacie 1TB USB-C HD #11","Hard Drives",
295,No,No,No,No,No,No,Yes,DMM01248,0,"Lacie 1TB USB-C HD #12","Hard Drives",
296,No,No,No,No,No,No,Yes,DMM01249,0,"Lacie 1TB USB-C HD #13","Hard Drives",
297,No,No,No,No,No,No,Yes,DMM01250,0,"Lacie 1TB USB-C HD #14","Hard Drives",
298,No,No,No,No,No,No,Yes,DMM01251,0,"Lacie 1TB USB-C HD #15","Hard Drives",
299,No,No,No,No,No,No,Yes,DMM01252,0,"Lacie 1TB USB-C HD #16","Hard Drives",
300,No,No,No,No,No,No,Yes,DMM01253,0,"Lacie 1TB USB-C HD #17","Hard Drives",
301,No,No,No,No,No,No,Yes,DMM01238,0,"Lacie 1TB USB-C HD #2","Hard Drives",
302,No,No,No,No,No,No,Yes,DMM01239,0,"Lacie 1TB USB-C HD #3","Hard Drives",
303,No,No,No,No,No,No,Yes,DMM01240,0,"Lacie 1TB USB-C HD #4","Hard Drives",
304,No,No,No,No,No,No,Yes,DMM01241,0,"Lacie 1TB USB-C HD #5","Hard Drives",
305,No,No,No,No,No,No,Yes,DMM01242,0,"Lacie 1TB USB-C HD #6","Hard Drives",
306,No,No,No,No,No,No,Yes,DMM01243,0,"Lacie 1TB USB-C HD #7","Hard Drives",
307,No,No,No,No,No,No,Yes,DMM01244,0,"Lacie 1TB USB-C HD #8","Hard Drives",
308,No,No,No,No,No,No,Yes,DMM01245,0,"Lacie 1TB USB-C HD #9","Hard Drives",
309,No,No,No,No,No,No,Yes,DMM01255,0,"Lacie Mini 1TB HD #18","Hard Drives",
310,No,No,No,No,No,No,Yes,DMM01256,0,"Lacie Mini 1TB HD #19","Hard Drives",
311,No,No,No,No,No,No,Yes,DMM01257,0,"Lacie Mini 1TB HD #20","Hard Drives",
312,No,No,No,No,No,No,Yes,DMM01258,0,"Lacie Mini 1TB HD #21","Hard Drives",
313,No,No,No,No,No,No,Yes,DMM01259,0,"Lacie Mini 1TB HD #22","Hard Drives",
314,No,No,No,No,No,No,Yes,DMM01260,0,"Lacie Mini 1TB HD #23","Hard Drives",
315,No,No,No,No,No,No,Yes,DMM01261,0,"Lacie Mini 1TB HD #24","Hard Drives",
316,No,No,No,No,No,No,Yes,DMM01262,0,"Lacie Mini 1TB HD #25","Hard Drives",
317,No,No,No,No,No,No,Yes,DMM01263,0,"Lacie Mini 1TB HD #26","Hard Drives",
318,No,No,No,No,No,No,Yes,DMM01264,0,"Lacie Mini 1TB HD #27","Hard Drives",
319,No,No,No,No,No,No,Yes,DMM01265,0,"Lacie Mini 1TB HD #28","Hard Drives",
320,No,No,No,No,No,No,Yes,DMM01266,0,"Lacie Mini 1TB HD #29","Hard Drives",
321,No,No,No,No,No,No,Yes,DMM01277,0,"Lacie Mini 1TB HD #30","Hard Drives",
322,No,No,No,No,No,No,Yes,DMM00211,0,"Large mic stand no. 1","Microphone stands",
323,No,No,No,No,No,No,Yes,DMM00212,0,"Large mic stand no. 2","Microphone stands",
324,No,Yes,No,Yes,Yes,Yes,Yes,DMM00910,0,"Lastolite EzyBalance","Lighting Accessories",
325,No,Yes,No,Yes,Yes,Yes,Yes,DMM01107,0,"Lastolite EzyBalance","Lighting Accessories",
326,Yes,Yes,No,Yes,Yes,Yes,Yes,"DMM00553, DMM00554",0,"Lastolite Reflector - Large","Lighting Accessories",
327,Yes,Yes,No,Yes,Yes,Yes,Yes,"DMM00555, DMM00640, DMM00556, DMM00641, DMM00642",0,"Lastolite Reflector - Medium","Lighting Accessories",
328,Yes,Yes,No,Yes,Yes,Yes,Yes,"DMM00643, DMM00644, DMM00645",0,"Lastolite Reflector - Small","Lighting Accessories",
329,Yes,Yes,No,Yes,Yes,Yes,Yes,DMM01017,0,"Lastolite SkyRapid Fabric Diffuser Square","Lighting Accessories",
330,No,No,No,No,No,No,Yes,"DMM00812, DMM00813, DMM00814, DMM00815",0,"Leap Motion Controller","Computer Interfaces & Peripherals",
331,Yes,Yes,No,Yes,Yes,Yes,Yes,LTC,1,"Lecture Theatre C (LTC)","TV Studio Rooms, Other",
332,No,No,No,No,No,No,Yes,DMM00825,0,"LED Lighting Kit 1",Lighting,Ton
333,No,No,No,No,No,No,Yes,DMM00826,0,"LED Lighting Kit 2",Lighting,Ton
334,No,No,No,No,No,No,Yes,DMM00152,0,"Lexicon LARC","Effects units and pre amps",
335,No,Yes,No,No,No,Yes,Yes,"DMM00693, DMM00694, DMM00695, DMM00696, DMM00697, DMM00698, DMM00699, DMM00700, DMM00701, DMM00702, DMM00703",0,"Libec Tripod","Tripods & Mounts",
336,No,Yes,No,Yes,Yes,Yes,No,"DMM01080, DMM01081, DMM01082, DMM01083",0,"Lilliput LCD Field Monitor","Location Video Monitors",
337,Yes,Yes,No,Yes,Yes,Yes,Yes,"DMM00588, DMM00589",0,"Lishuai LED Panel",Lighting,
338,No,Yes,No,Yes,Yes,Yes,Yes,"DMM00590, DMM00591, DMM00592",0,"Location Floor Monitor","Location Video Monitors",
339,No,No,No,No,No,No,Yes,DMM00890,0,"Location Monitor Kit 1","Monitors and Amps, Mobile boxes",Ton
340,No,No,No,No,No,No,Yes,DMM00891,0,"Location Monitor Kit 2","Monitors and Amps, Mobile boxes",Ton
341,No,No,No,No,No,No,Yes,DMM00646,0,"Lowel ID Light with barn doors",Lighting,
342,No,No,No,No,No,No,Yes,DMM00010,1,"Lower Foyer","PATS Rooms",
343,No,No,No,No,No,No,Yes,DMM01101,0,"Ludwig - 402 Supraphonic Snare","Musical Instruments",
344,No,No,No,No,No,No,Yes,"DMM00647, DMM00648, DMM00649, DMM00650",0,"Lupo Fluorescent Panel Light ",Lighting,
345,No,No,No,No,No,No,Yes,DMM01028,0,"Lyra-8 Analog Synthesizer","Performance equipment, Musical Instruments","UOS / CMT"
346,No,No,No,No,No,No,Yes,DMM00149,0,"MA90 Stereo Bar No.1","Trees & stereo bars",
347,No,No,No,No,No,No,Yes,DMM00150,0,"MA90 Stereo Bar No.2","Trees & stereo bars",
348,No,No,No,No,No,No,Yes,DMM00151,0,"MA90 Stereo Bar No.3","Trees & stereo bars",
349,No,No,No,No,No,No,Yes,DMM00181,0,"Mackie 8-channel motorised faders","Research equipment",
350,No,No,No,No,Yes,Yes,Yes,DMM01132,1,"MacLab (02 AC 02)","Media Labs",
351,No,No,No,No,No,No,Yes,DMM00223,0,"Mains Distribution no. 1","Mains distribution",
352,No,No,No,No,No,No,Yes,DMM00224,0,"Mains Distribution no. 2","Mains distribution",
353,No,No,No,No,No,No,Yes,DMM00225,0,"Mains Distribution no. 3","Mains distribution",
354,No,No,No,No,No,No,Yes,DMM00226,0,"Mains Distribution no. 4","Mains distribution",
355,No,No,No,No,No,No,Yes,DMM00227,0,"Mains Distribution no. 5","Mains distribution",
356,No,No,No,No,No,No,Yes,DMM00228,0,"Mains Distribution no. 6","Mains distribution",
357,No,No,No,No,No,No,Yes,DMM00218,0,"Mains Extension no. 1","Mains extensions",
358,No,No,No,No,No,No,Yes,DMM00219,0,"Mains Extension no. 2","Mains extensions",
359,No,No,No,No,No,No,Yes,DMM00220,0,"Mains Extension no. 3","Mains extensions",
360,No,No,No,No,No,No,Yes,DMM00221,0,"Mains Extension No. 4","Mains distribution",
361,No,No,No,No,No,No,Yes,DMM00222,0,"Mains Extension No. 5","Mains distribution",
362,No,No,No,No,Yes,Yes,Yes,DMM00834,0,"Manfroto 546 Tripod","Tripods & Mounts","FASS / DMA"
363,No,No,No,No,No,No,Yes,DMM00704,0,"Manfrotto 290 Monopod","Tripods & Mounts",
364,No,Yes,No,Yes,Yes,Yes,Yes,DMM01120,0,"Manfrotto 525MVB Tripod","Tripods & Mounts",
365,No,Yes,No,Yes,Yes,Yes,Yes,DMM00593,0,"Manfrotto Autople","Tripods & Mounts",
366,Yes,Yes,No,Yes,Yes,Yes,Yes,DMM00705,0,"Manfrotto Fig-Rig - No. 02","Tripods & Mounts",
367,No,Yes,No,Yes,Yes,Yes,Yes,DMM00915,0,"Manfrotto Magic arm No1","Tripods & Mounts",
368,No,Yes,No,Yes,Yes,Yes,Yes,DMM00916,0,"Manfrotto Magic arm No2","Tripods & Mounts",
369,No,No,No,No,No,No,No,DMM00213,0,"Manfrotto mic stands (Set of 3)","Microphone stands",
370,No,Yes,No,Yes,No,Yes,Yes,"DMM00844, DMM00846, DMM00845",0,"Manfrotto Monitor Stand ","Tripods & Mounts",FPBE
371,Yes,Yes,No,Yes,Yes,Yes,Yes,DMM01102,0,"Manfrotto Nitrotech 608 Tripod","Tripods & Mounts",FPBE
372,No,No,No,No,No,No,Yes,DMM00879,0,"Manfrotto Stereo Bar 1","Trees & stereo bars",
373,No,No,No,No,No,No,Yes,DMM00125,0,"Manfrotto Stereo Bar 2","Trees & stereo bars",
374,No,No,No,No,No,No,Yes,DMM00878,0,"Manfrotto Stereo Bar 3","Trees & stereo bars",
375,No,No,No,No,No,No,Yes,DMM00781,0,Marimba,"Musical Instruments",
376,Yes,Yes,No,Yes,Yes,Yes,Yes,DMM01027,0,"Matthews Floppy 48x48 Flag",Stock,FPBE
377,No,No,No,No,No,No,Yes,DMM00774,1,"Media Lab: Blue (Nodus)","Media Labs",
378,Yes,Yes,No,Yes,Yes,Yes,Yes,DMM00772,1,"Media Lab: Red (Nodus)","Media Labs",
379,No,No,No,No,No,No,Yes,DMM01254,0,"Mesa Boogie F30 Combo Amp",,
380,No,No,No,No,No,No,Yes,DMM00431,0,"Meyer PA System","Performance equipment",
381,No,No,No,No,No,No,Yes,DMM00918,0,"Mic Stand kit","Microphone stands",
382,No,Yes,No,Yes,Yes,Yes,Yes,"DMM00594, DMM00595, DMM00596",0,"Miller Tripod ","Tripods & Mounts",
383,Yes,Yes,No,Yes,Yes,Yes,Yes,"DMM00597, DMM00598, DMM00599",0,"Miller Tripod Dollie","Tripods & Mounts",
384,No,No,No,No,No,No,Yes,DMM00958,0,"Minirig 3 (Portable Bluetooth Speakers)","Monitors and Amps",
385,Yes,Yes,No,Yes,Yes,Yes,Yes,DMM00291,0,"MixPre compact field mixer","Portable Recorders",
386,No,No,No,No,No,No,No,DMM00208,0,"Mobile box no. 1",,
387,No,No,No,No,No,No,No,DMM00209,0,"Mobile box no. 2",,
388,No,No,No,No,No,No,No,DMM00210,0,"Mobile box no. 3",,
389,No,No,No,No,No,No,Yes,DMM00861,0,"Monome Arc","Midi Controllers",
390,No,No,No,No,No,No,Yes,DMM00200,0,"Multicore no. 1",Multicores,
391,No,No,No,No,No,No,Yes,DMM00201,0,"Multicore no. 2",Multicores,
392,No,No,No,No,No,No,Yes,DMM00202,0,"Multicore no. 3",Multicores,
393,No,No,No,No,No,No,Yes,DMM00203,0,"Multicore no. 4 (old)",Multicores,
394,No,No,No,No,No,No,Yes,DMM00204,0,"Multicore no. 5 (old)",Multicores,
395,No,No,No,No,No,No,Yes,DMM00441,0,"Music Stand Trolley","Performance equipment",
396,No,No,No,No,No,No,Yes,DMM00169,0,"N05CC SPL Meter No 1","Research equipment",
397,No,No,No,No,No,No,Yes,DMM00170,0,"N05CC SPL Meter No 2","Research equipment",
398,No,No,No,No,No,No,Yes,DMM00171,0,"N05CC SPL Meter No 3","Research equipment",
399,No,No,No,No,No,No,Yes,DMM00112,0,"Nagra IV-S","Portable Recorders",
400,Yes,Yes,No,Yes,Yes,Yes,Yes,DMM01108,0,"Neewer 5-in-1 Collapsible Light Reflector 110cm","Lighting Accessories",
401,No,No,No,No,No,No,Yes,DMM00071,0,"Neumann KM184 x2 kit 1","Microphones, Directivity: Cardioid, Type: Condenser, Type: Small Diaphragm, Brand: Neumann",
402,No,No,No,No,No,No,Yes,DMM00072,0,"Neumann KM184 x2 kit 2","Microphones, Directivity: Cardioid, Type: Condenser, Type: Small Diaphragm, Brand: Neumann",
403,No,No,No,No,No,No,Yes,DMM00068,0,"Neumann KM84 x2 kit 1","Microphones, Directivity: Cardioid, Type: Condenser, Type: Small Diaphragm, Brand: Neumann",
404,No,No,No,No,No,No,Yes,DMM00069,0,"Neumann KM84 x2 kit 2","Microphones, Directivity: Cardioid, Type: Condenser, Type: Small Diaphragm, Brand: Neumann",
405,No,No,No,No,No,No,Yes,DMM00073,0,"Neumann KM86 x2 kit","Microphones, Directivity: Cardioid, Type: Condenser, Type: Small Diaphragm, Brand: Neumann",
406,No,No,No,No,No,No,Yes,DMM01131,0,"Neumann KU100 Dummy Head","Research equipment, Microphones, Brand: Neumann",
407,No,No,No,No,No,No,Yes,DMM00901,0,"Neumann TLM107 no.1","Microphones, Directivity: Omni, Directivity: Cardioid, Directivity: Fig-8, Directivity: Hyper, Directivity: Sub, Type: Condenser, Type: Large Diaphragm, Brand: Neumann",Ton
408,No,No,No,No,No,No,Yes,DMM00903,0,"Neumann TLM107 no.2","Microphones, Directivity: Omni, Directivity: Cardioid, Directivity: Fig-8, Directivity: Hyper, Directivity: Sub, Type: Condenser, Type: Large Diaphragm, Brand: Neumann",Ton
409,No,No,No,No,No,No,Yes,DMM00902,0,"Neumann TLM107 no.3","Microphones, Directivity: Omni, Directivity: Cardioid, Directivity: Fig-8, Directivity: Hyper, Directivity: Sub, Type: Condenser, Type: Large Diaphragm, Brand: Neumann",Ton
410,No,No,No,No,No,No,Yes,DMM00871,0,"Neumann U47 FET","Microphones, Directivity: Cardioid, Type: Condenser, Brand: Neumann",Ton
411,No,No,No,No,No,No,Yes,DMM00899,0,"Neumann U87 AI No.1","Microphones, Directivity: Omni, Directivity: Cardioid, Directivity: Fig-8, Type: Condenser, Type: Large Diaphragm, Brand: Neumann",Ton
412,No,No,No,No,No,No,Yes,DMM00900,0,"Neumann U87 AI No.2","Microphones, Directivity: Omni, Directivity: Cardioid, Directivity: Fig-8, Type: Condenser, Type: Large Diaphragm, Brand: Neumann",Ton
413,No,No,No,No,No,No,Yes,DMM00074,0,"Neumann U87i no. 1","Microphones, Directivity: Omni, Directivity: Cardioid, Directivity: Fig-8, Type: Condenser, Type: Large Diaphragm, Brand: Neumann",
414,No,No,No,No,No,No,Yes,DMM00075,0,"Neumann U87i no. 2","Microphones, Directivity: Omni, Directivity: Cardioid, Directivity: Fig-8, Type: Condenser, Type: Large Diaphragm, Brand: Neumann",
415,No,No,No,No,No,No,Yes,DMM00076,0,"Neumann u87 no. 3 (old)","Microphones, Directivity: Omni, Directivity: Cardioid, Directivity: Fig-8, Type: Condenser, Type: Large Diaphragm, Brand: Neumann",
416,No,No,No,No,No,No,Yes,DMM00116,0,"Neve 8-channel console","Portable Consoles",
417,No,No,No,No,No,No,Yes,DMM01033,0,"Novation Bass Station II","Musical Instruments, Computer Interfaces & Peripherals","UOS / CMT"
418,No,No,No,No,No,No,Yes,DMM01280,0,"Novation Launch Control No. 1","Midi Controllers","UOS / CMT"
419,No,No,No,No,No,No,Yes,DMM01281,0,"Novation Launch Control No. 2","Midi Controllers","UOS / CMT"
420,No,No,No,No,No,No,Yes,"DMM01056, DMM01057, DMM01058, DMM00973, DMM00974, DMM01036, DMM01037, DMM01038, DMM01039, DMM01054, DMM01055",0,"Novation Launch Control XL Kit","Midi Controllers","UOS / CMT"
421,No,No,No,No,No,No,Yes,"DMM00853, DMM00854",0,"Novation Launchkey Mini","Midi Controllers","UOS / CMT"
422,No,No,No,No,No,No,Yes,DMM01029,0,"Novation Peak","Performance equipment, Musical Instruments","UOS / CMT"
423,Yes,Yes,No,Yes,Yes,Yes,Yes,DMM01111,0,"Nucleus-Nano Wireless Lens Control System","DSLR Cameras, Tripods & Mounts",
424,Yes,Yes,No,Yes,Yes,Yes,Yes,DMM01105,0,"Octagonal SoftBox","Lighting Accessories",
425,No,No,No,No,No,No,Yes,"DMM00818, DMM00819",0,"Oculus Rift","Computer Interfaces & Peripherals",
426,No,No,No,No,No,No,No,DMM01050,0,"Oktava MK-012-01 x 2 Kit","Microphones, Directivity: Omni, Type: Condenser, Type: Small Diaphragm",
427,No,No,No,No,No,No,No,DMM00179,0,"Outline turntable","Research equipment",
428,No,No,No,No,No,No,Yes,DMM01095,0,"Overtone Damping E-ring Pack - Evans - Kit 1","Musical Instruments",
429,No,No,No,No,No,No,Yes,DMM01096,0,"Overtone Damping E-ring Pack - Evans - Kit 2","Musical Instruments",
430,No,No,No,No,No,No,Yes,DMM00755,1,"PA 01 (Practice Room)","Practice Rooms",
431,No,No,No,No,No,No,Yes,DMM00979,1,"PA 02 (Practice Room)","Practice Rooms",
432,No,No,No,No,No,No,Yes,DMM00757,1,"PA 04 (Practice Room)","Practice Rooms",
433,No,No,No,No,No,No,Yes,DMM00758,1,"PA 05 (Practice Room)","Practice Rooms",
434,No,No,No,No,No,No,Yes,DMM00759,1,"PA 06 (Practice Room)","Practice Rooms",
435,No,No,No,No,No,No,Yes,DMM00760,1,"PA 07 (Practice Room)","Practice Rooms",
436,No,No,No,No,No,No,Yes,DMM00761,1,"PA 08 (Practice Room)","Practice Rooms",
437,No,No,No,No,No,No,Yes,DMM00762,1,"PA 09 (Practice Room)","Practice Rooms",
438,No,No,No,No,No,No,No,DMM00763,1,"PA 10 (Practice Room)","Practice Rooms",
439,No,No,No,No,No,No,Yes,DMM00683,0,"PA11 Percussion Kit","Performance equipment",
440,No,No,No,No,No,No,Yes,PA11,1,"PA 11 (Practice Room)","Practice Rooms",
441,No,No,No,No,No,No,Yes,DMM00977,0,"PA11 Zildjian Cymbals + Clutch","Musical Instruments",
442,No,No,No,No,No,No,Yes,"DMM00849, DMM00851, DMM00850",0,"Panasonic GH5 ","DSLR Cameras","FASS / DMA"
443,No,No,No,No,No,No,Yes,DMM01169,0,"Panasonic HGS10 Bone Conduction Headphones","Headphones and Headphone amps",
444,Yes,Yes,No,Yes,Yes,Yes,Yes,"DMM00706, DMM00707, DMM00708, DMM00709, DMM00710, DMM00711",0,"Panasonic UX Tripod","Tripods & Mounts",
445,Yes,Yes,No,Yes,Yes,Yes,Yes,"DMM00395, DMM00401, DMM00407, DMM00413, DMM00419, DMM00425",0,"Panasonic UX Kit",Camcorders,
446,No,No,No,No,No,No,Yes,DMM00134,0,"Passive DI no. 1","DI boxes",
447,No,No,No,No,No,No,Yes,DMM00135,0,"Passive DI no. 2","DI boxes",
448,No,No,No,No,No,No,No,DMM00136,0,"Passive DI no. 3","DI boxes",
449,No,No,No,No,No,No,No,DMM00137,0,"Passive DI no. 4","DI boxes",
450,No,No,No,No,No,No,Yes,DMM01128,0,"PAV 1 Active Extension Tube","Microphones, Brand: Schoeps",
451,No,No,No,No,No,No,Yes,DMM01129,0,"PAV 2 Active Extension Tube","Microphones, Brand: Schoeps",
452,No,No,No,No,No,No,Yes,DMM01072,0,"Percussion Kit 1","Musical Instruments",
453,No,No,No,No,No,No,Yes,DMM01073,0,"Percussion Kit 2","Musical Instruments",
454,No,No,No,No,No,No,No,DMM00432,0,"Performance Extension No. 01","Performance equipment",
455,No,No,No,No,No,No,Yes,DMM00969,0,"Performance Sennheiser e835 No 1","Performance equipment",
456,No,No,No,No,No,No,Yes,DMM00970,0,"Performance Sennheiser e835 No 2","Performance equipment",
457,No,No,No,No,No,No,Yes,DMM00971,0,"Performance Sennheiser e835 No 3","Performance equipment",
458,Yes,No,No,No,No,Yes,Yes,DMM00685,0,"Performance Sm58 No.1","Performance equipment",
459,No,No,No,No,No,No,Yes,DMM00684,0,"Performance Sm58 No. 2","Performance equipment",
460,No,No,No,No,No,No,Yes,DMM00877,0,"Performance Sm58 No.3","Performance equipment",
461,No,No,No,No,No,No,Yes,DMM00158,0,"Pioneer HRM-6","Headphones and Headphone amps",
462,No,No,No,No,No,No,Yes,DMM01282,0,"Pioneer HRM-6","Headphones and Headphone amps",
463,No,No,No,No,No,No,Yes,DMM00159,0,"Pioneer HRM-7","Headphones and Headphone amps",
464,No,No,No,No,No,No,Yes,DMM00651,0,"PIXAPRO 55cm SILVER Interior Beauty Dish with Honeycomb Grid",Lighting,
465,No,No,No,No,No,No,Yes,DMM00671,0,"PiXAPRO Bi-Colour LED Panel twin Kit",Lighting,
466,No,No,No,No,No,No,Yes,DMM00652,0,"PIXAPRO LED100D MKII Daylight Balanced LED Studio Light - 01",Lighting,
467,No,No,No,No,No,No,Yes,DMM00190,0,"Polhemus Patriot head tracker","Research equipment",
468,No,No,No,No,No,No,Yes,DMM00121,0,"Pork Pie","Musical Instruments",
469,No,No,No,No,No,No,Yes,DMM00868,0,"QSC CP8 no.1","Performance equipment","UOS / CMT"
470,No,No,No,No,No,No,Yes,DMM00869,0,"QSC CP8 no.2","Performance equipment","UOS / CMT"
471,No,No,No,No,No,No,Yes,DMM00129,0,"Radial X-Amp Studio Re-Amper","DI boxes",
472,No,No,No,No,No,No,Yes,DMM00138,0,"Red 506 Splitter no. 1",Splitters,
473,No,No,No,No,No,No,Yes,DMM00139,0,"Red 506 Splitter no. 2",Splitters,
474,No,No,No,No,No,No,Yes,DMM00140,0,"Red 506 Splitter no. 3",Splitters,
475,No,No,No,No,No,No,Yes,DMM00141,0,"Red 506 Splitter no. 4",Splitters,
476,Yes,Yes,No,Yes,Yes,Yes,Yes,"DMM00600, DMM00601",0,"RHINO Slider EVO Pro ","Tripods & Mounts",
477,No,No,No,No,No,No,Yes,DMM01166,0,"Rivera Rock Crusher - Guitar Amp Power Attenuator",,
478,No,No,No,No,No,No,Yes,DMM00172,0,"RME Fireface and Presonus preamps kit 1","Research equipment, Computer Interfaces & Peripherals",
479,No,No,No,No,No,No,Yes,DMM00175,0,"RME Fireface and Presonus preamps kit 2","Research equipment, Computer Interfaces & Peripherals",
480,No,No,No,No,No,No,Yes,DMM00113,0,"RME MADIface USB","Portable Recorders, Computer Interfaces & Peripherals",
481,Yes,Yes,No,Yes,Yes,Yes,No,"DMM00229, DMM00230",0,"Rode Boom Pole - 2m","Tripods & Mounts",
482,Yes,Yes,No,Yes,Yes,Yes,Yes,"DMM00512, DMM00513, DMM00514, DMM00515",0,"Rode Boom Pole - 3m","Tripods & Mounts",
483,Yes,Yes,No,Yes,Yes,Yes,Yes,DMM00887,0,"RODE Boom Pole Pro #01","Tripods & Mounts",FPBE
484,Yes,Yes,No,Yes,Yes,Yes,Yes,DMM00888,0,"RODE Boom Pole Pro #02","Tripods & Mounts",FPBE
485,Yes,Yes,No,Yes,Yes,Yes,Yes,DMM00929,0,"Rode Broadcaster","Microphones, FPBE Microphones",FPBE
486,No,No,No,No,No,No,Yes,DMM00060,0,"Rode K2 Kit 1","Microphones, Type: Valve, Directivity: Omni, Directivity: Cardioid, Directivity: Fig-8, Type: Condenser, Type: Large Diaphragm, Brand: Rode",
487,No,No,No,No,No,No,Yes,DMM00061,0,"Rode K2 Kit 2","Microphones, Type: Valve, Directivity: Omni, Directivity: Cardioid, Directivity: Fig-8, Type: Condenser, Type: Large Diaphragm, Brand: Rode",
488,No,No,No,No,No,No,Yes,DMM00062,0,"Rode M1 x 2 kit","Microphones, Directivity: Cardioid, Type: Dynamic, Brand: Rode",
489,No,No,No,No,No,No,Yes,DMM00920,0,"Rode M2 No 1","Microphones, Directivity: Hyper, Type: Condenser",
490,No,No,No,No,No,No,Yes,DMM00919,0,"Rode M2 No 2","Microphones, Directivity: Hyper, Type: Condenser",
491,No,Yes,No,Yes,Yes,Yes,Yes,DMM00990,0,"Rode Newsshooter Kit",Microphones,
492,No,No,No,No,No,No,Yes,DMM00063,0,"Rode NT1","Microphones, Directivity: Cardioid, Type: Condenser, Type: Large Diaphragm, Brand: Rode",
493,No,No,No,No,No,No,Yes,DMM00064,0,"Rode NT2-A","Microphones, Directivity: Omni, Directivity: Cardioid, Directivity: Fig-8, Type: Condenser, Type: Large Diaphragm, Brand: Rode",
494,No,No,No,No,No,No,Yes,DMM00065,0,"Rode NT3 x 2 kit","Microphones, Directivity: Cardioid, Type: Condenser, Type: Small Diaphragm, Brand: Rode",
495,No,No,No,No,No,No,Yes,DMM00067,0,"Rode NT55","Microphones, Directivity: Cardioid, Type: Condenser, Type: Small Diaphragm, Brand: Rode",
496,No,No,No,No,No,No,No,DMM00921,0,"Rode NT5 kit","Microphones, Directivity: Omni, Directivity: Cardioid, Type: Condenser, Type: Small Diaphragm, Brand: Rode",
497,No,No,No,No,No,No,Yes,DMM00066,0,"Rode NT5 Kit",Microphones,
498,No,No,No,No,No,No,Yes,DMM01074,0,"Rode NT6 x2 Kit","Microphones, Type: Condenser, Brand: Rode",
499,Yes,Yes,No,Yes,Yes,Yes,Yes,"DMM00602, DMM00606",0,"RODE NTG3B Shotgun Microphone","Microphones, FPBE Microphones",
500,No,No,No,No,No,No,Yes,DMM00610,0,"Rode NTG8 Long Shotgun Mic (W/Windshield)",Microphones,
501,No,No,No,No,No,No,Yes,DMM00875,0,"Rode NTR No.1","Microphones, Type: Ribbon, Directivity: Fig-8",Ton
502,No,No,No,No,No,No,Yes,DMM00876,0,"Rode NTR No.2","Microphones, Type: Ribbon, Directivity: Fig-8",Ton
503,No,No,No,No,No,No,Yes,"DMM00292, DMM00293, DMM00294, DMM00295",0,"Rode PG-2 Combined pistol grip and shockmount - No. 01",Microphones,"FASS / DMA"
504,Yes,Yes,No,Yes,Yes,Yes,Yes,DMM00835,0,"Rode Reporter Mic","Microphones, FPBE Microphones",
505,No,No,No,No,No,No,No,DMM00126,0,"Rode Stereo Bar No.1","Trees & stereo bars",
506,No,No,No,No,No,No,Yes,DMM00127,0,"Rode Stereo Bar No.2","Trees & stereo bars",
507,No,No,No,No,No,No,Yes,DMM00837,0,"RodeVideo Mic",Microphones,"UOS / CMT"
508,No,No,No,No,No,No,Yes,DMM01025,0,"Roland JU-06A Desktop Synthesizer Module","Musical Instruments, Computer Interfaces & Peripherals","UOS / CMT"
509,No,No,No,No,No,No,Yes,DMM00688,0,"Roland Keyboard","Musical Instruments",
510,No,No,No,No,No,No,Yes,DMM00686,0,"Roland Keyboard Amp No. 1","Monitors and Amps, Performance equipment",
511,No,No,No,No,No,No,No,DMM00687,0,"Roland Keyboard ","Musical Instruments",
512,No,No,No,No,No,No,Yes,DMM01032,0,"Roland TR-06 Drumatix","Musical Instruments, Computer Interfaces & Peripherals","UOS / CMT"
513,Yes,Yes,No,Yes,Yes,Yes,Yes,DMM00615,0,"Rotolight Neo 3 Light Kit",Lighting,
514,No,No,No,No,No,No,Yes,DMM00077,0,"Royer R-121 No. 1","Microphones, Type: Ribbon, Directivity: Fig-8, Brand: Royer",
515,No,No,No,No,No,No,Yes,DMM00078,0,"Royer R-121 No. 2","Microphones, Type: Ribbon, Directivity: Fig-8, Brand: Royer",
516,No,No,No,No,No,No,Yes,"DMM01188, DMM01204, DMM01205, DMM01206, DMM01207, DMM01208, DMM01209, DMM01210, DMM01211, DMM01212, DMM01213, DMM01214, DMM01215, DMM01216, DMM01172, DMM01181, DMM01182, DMM01183, DMM01184, DMM01185, DMM01186, DMM01173, DMM01174, DMM01175, DMM01176, DMM01177, DMM01178, DMM01179, DMM01180",0,"FPBE SSD","Hard Drives",
517,No,No,No,No,No,No,Yes,"DMM00627, DMM00628",0,"Samyang 24mm T1.5 Prime lens (EF Mount)",Lenses,
518,No,No,No,No,No,No,Yes,"DMM00629, DMM00630, DMM00631",0,"Samyang 35mm T1.5 Prime lens (EF Mount)",Lenses,
519,No,No,No,No,No,No,Yes,"DMM00632, DMM00633, DMM00634",0,"Samyang 85mm T1.5 Prime lens (EF Mount) ",Lenses,
520,Yes,Yes,No,Yes,Yes,Yes,Yes,DMM00870,0,"Samyang E-Mount Lens kit",Lenses,FPBE
521,No,No,No,No,Yes,Yes,Yes,"DMM00750, DMM00751, DMM00752",0,"Sanken COS-11D PT","TV Studio Equipment",
522,No,No,No,No,No,No,Yes,DMM00079,0,"Schoeps CMC5U x2 kit 1","Microphones, Directivity: Omni, Directivity: Cardioid, Directivity: Fig-8, Type: Condenser, Type: Small Diaphragm, Brand: Schoeps",
523,No,No,No,No,No,No,Yes,DMM00080,0,"Schoeps CMC5U x2 kit 2","Microphones, Directivity: Omni, Directivity: Fig-8, Type: Condenser, Type: Small Diaphragm, Brand: Schoeps",
524,No,No,No,No,No,No,Yes,DMM00081,0,"Schoeps CMC5U x2 kit 3","Microphones, Directivity: Omni, Directivity: Fig-8, Type: Condenser, Brand: Schoeps",
525,No,No,No,No,No,No,Yes,DMM01122,0,"Schoeps CMC 6U x2 kit 1","Microphones, Directivity: Omni, Directivity: Cardioid, Directivity: Fig-8, Type: Condenser, Type: Small Diaphragm, Brand: Schoeps",
526,No,Yes,No,Yes,Yes,Yes,Yes,DMM00084,0,"Schoeps CMIT 5U","Microphones, Type: Condenser, Brand: Schoeps, Directivity: Shotgun, FPBE Microphones",
527,No,No,No,No,No,No,Yes,DMM00082,0,"Schoeps MK2H x 3 kit 1","Microphones, Directivity: Omni, Type: Condenser, Type: Small Diaphragm, Brand: Schoeps",
528,No,No,No,No,No,No,Yes,DMM00083,0,"Schoeps MK2H x 3 kit 2","Microphones, Directivity: Omni, Type: Condenser, Type: Small Diaphragm, Brand: Schoeps",
529,No,No,No,No,No,No,Yes,DMM00733,0,"Senheiser K3 NO. 1","TV Studio Microphones",
530,No,No,No,No,No,No,Yes,DMM00734,0,"Senheiser K8 No. 2","TV Studio Microphones",
531,No,No,No,No,No,No,Yes,"DMM00735, DMM00736, DMM00737",0,"Senheiser MKE 2 3 ","TV Studio Microphones",
532,No,No,No,No,No,No,Yes,DMM00872,0,"Sennheiser E 902","Microphones, Directivity: Cardioid, Type: Dynamic, Brand: Sennheiser",Ton
533,Yes,Yes,No,Yes,Yes,Yes,Yes,DMM00739,0,"Sennheiser ENG Wireless Mic Set 1","TV Studio Microphones",
534,Yes,Yes,No,Yes,Yes,Yes,Yes,DMM00740,0,"Sennheiser ENG Wireless Mic Set 2","TV Studio Microphones",
535,Yes,Yes,No,Yes,Yes,Yes,Yes,DMM00961,0,"Sennheiser ENG Wireless Mic Set 3","Microphones, FPBE Microphones",
536,Yes,Yes,No,Yes,Yes,Yes,Yes,DMM00962,0,"Sennheiser ENG Wireless Mic Set 4","Microphones, FPBE Microphones",
537,No,No,No,No,Yes,Yes,Yes,DMM00963,0,"Sennheiser ENG Wireless Mic Set 5","Microphones, FPBE Microphones",
538,No,No,No,No,Yes,Yes,Yes,DMM00964,0,"Sennheiser ENG Wireless Mic Set 6","Microphones, FPBE Microphones",
539,No,No,No,No,Yes,Yes,Yes,DMM00965,0,"Sennheiser ENG Wireless Mic Set 7","Microphones, FPBE Microphones",
540,No,No,No,No,Yes,Yes,Yes,DMM00966,0,"Sennheiser ENG Wireless Mic Set 8","Microphones, FPBE Microphones",
541,No,No,No,No,No,No,No,"DMM00296, DMM00297, DMM00298, DMM00299, DMM00300, DMM00301, DMM00302, DMM00303, DMM00304",0,"Sennheiser HD201 Headphones","Headphones and Headphone amps",
542,No,No,No,No,No,No,No,"DMM00192, DMM00194",0,"Sennheiser HD600 No1","Headphones and Headphone amps, Research equipment",
543,No,No,No,No,No,No,Yes,"DMM01007, DMM01008, DMM01009, DMM01010, DMM01011, DMM01012, DMM01013, DMM01014, DMM01015",0,"Sennheiser HD 600 Studio Headphones","Headphones and Headphone amps",
544,No,No,No,No,No,No,Yes,DMM00085,0,"Sennheiser MD421 no. 1","Microphones, Directivity: Cardioid, Type: Dynamic, Brand: Sennheiser",
545,No,No,No,No,No,No,Yes,DMM00086,0,"Sennheiser MD421 no. 2","Microphones, Directivity: Cardioid, Type: Dynamic, Brand: Sennheiser",
546,No,No,No,No,No,No,Yes,DMM00087,0,"Sennheiser MD421 no. 3","Microphones, Directivity: Cardioid, Type: Dynamic, Brand: Sennheiser",
547,No,No,No,No,No,No,Yes,DMM00827,0,"Sennheiser MD 441-U no.1","Microphones, Directivity: Hyper, Type: Dynamic, Brand: Sennheiser",Ton
548,No,No,No,No,No,No,Yes,DMM00828,0,"Sennheiser MD 441-U no.2","Microphones, Directivity: Hyper, Type: Dynamic, Brand: Sennheiser",Ton
549,No,No,No,No,No,No,Yes,DMM00829,0,"Sennheiser MD 441-U no.3","Microphones, Directivity: Hyper, Type: Dynamic, Brand: Sennheiser",Ton
550,No,No,No,No,No,No,Yes,"DMM00305, DMM00306, DMM00307, DMM00308, DMM00309",0,"Sennheiser MKE600 Shotgun Mic",Microphones,"FASS / DMA"
551,No,Yes,No,Yes,Yes,Yes,Yes,DMM00616,0,"Sennheiser MKH418S Shotgun Mic",Microphones,
552,No,No,No,No,No,No,No,DMM00867,0,"Sennheiser MKH 8040",Microphones,"UOS / CMT"
553,No,No,No,No,No,No,Yes,"DMM00831, DMM00931",0,"Sennheiser MKH8050",Microphones,
554,Yes,Yes,No,Yes,No,Yes,Yes,DMM00738,0,"Sennheiser MKH816T","TV Studio Microphones",
555,Yes,Yes,No,Yes,Yes,Yes,No,"DMM00310, DMM00311",0,"Sennheiser Radio Transmitter Kit - No. 01","Microphones, FPBE Microphones",
556,No,No,No,No,No,No,Yes,DMM00094,0,"Shure Beta 52A","Microphones, Directivity: Hyper, Type: Dynamic, Brand: Shure",
557,No,No,No,No,No,No,Yes,DMM00089,0,"Shure SM11","Microphones, Directivity: Omni, Type: Dynamic, Type: Lavalier, Brand: Shure",
558,Yes,No,No,No,No,Yes,Yes,DMM01018,0,"Shure SM57 No. 1","Microphones, Directivity: Cardioid, Type: Dynamic, Brand: Shure","UOS / CMT"
559,Yes,No,No,No,No,Yes,Yes,DMM01019,0,"Shure SM57 No. 2","Microphones, Directivity: Cardioid, Type: Dynamic, Brand: Shure","UOS / CMT"
560,No,No,No,No,No,No,Yes,DMM00090,0,"Shure SM57 x3 kit 1","Microphones, Directivity: Cardioid, Type: Dynamic, Brand: Shure",
561,No,No,No,No,No,No,Yes,DMM00091,0,"Shure SM57 x3 kit 2","Microphones, Directivity: Cardioid, Type: Dynamic, Brand: Shure",
562,No,No,No,No,No,No,Yes,DMM00092,0,"Shure SM58 x3 kit 1","Microphones, Directivity: Cardioid, Type: Dynamic, Brand: Shure",
563,No,No,No,No,No,No,Yes,DMM00093,0,"Shure SM58 x3 kit 2","Microphones, Directivity: Cardioid, Type: Dynamic, Brand: Shure",
564,No,No,No,No,No,No,Yes,DMM00095,0,"Shure Sm7B","Microphones, Directivity: Cardioid, Type: Dynamic, Brand: Shure",
565,No,Yes,No,Yes,No,Yes,Yes,DMM00620,0,"Sigma 18-35 mm T2 Zoom",Lenses,
566,No,Yes,No,Yes,No,Yes,Yes,DMM00621,0,"Sigma 50-100mm T2 Zoom",Lenses,
567,Yes,Yes,No,Yes,Yes,Yes,Yes,DMM00992,0,"Single Mains Extension 1","Mains extensions",
568,Yes,Yes,No,Yes,Yes,Yes,Yes,DMM00991,0,"Single Mains Extension 2","Mains extensions",
569,Yes,Yes,No,Yes,Yes,Yes,Yes,DMM00993,0,"Single Mains Extension 3","Mains extensions",
570,Yes,Yes,No,Yes,Yes,Yes,Yes,DMM00994,0,"Single Mains Extension 4","Mains extensions",
571,Yes,Yes,No,Yes,Yes,Yes,Yes,DMM00995,0,"Single Mains Extension 5","Mains extensions",
572,Yes,Yes,No,Yes,Yes,Yes,Yes,DMM00996,0,"Single Mains Extension 6","Mains extensions",
573,No,No,No,No,No,No,Yes,DMM00168,0,"Single Sided Headphones 1","Headphones and Headphone amps",
574,No,No,No,No,No,No,Yes,DMM01000,0,"Single Sided Headphones 2","Headphones and Headphone amps",
575,No,No,No,No,No,No,Yes,DMM00207,0,"Slinging ropes x2 [Kit 1]","Microphone slings",
576,No,No,No,No,No,No,Yes,DMM00193,0,"Small Omni Lapel Microphones with Spherical Head Holder","Research equipment",
577,No,No,No,No,No,No,Yes,DMM01099,0,"Sonor- Benny Greb Snare","Musical Instruments",
578,No,No,No,No,Yes,Yes,Yes,DMM00754,0,"Sony 350 No. 1 (HD Lens)","TV Studio Equipment",
579,No,No,No,No,Yes,Yes,Yes,DMM00753,0,"Sony 350 (SD Lens)","TV Studio Equipment",
580,No,No,No,No,No,No,Yes,DMM00096,0,"Sony C48","Microphones, Directivity: Omni, Directivity: Cardioid, Directivity: Fig-8, Type: Condenser, Type: Large Diaphragm, Brand: Sony",
581,No,No,No,No,No,No,Yes,DMM00097,0,"Sony C800","Microphones, Type: Valve, Directivity: Omni, Directivity: Cardioid, Type: Condenser, Type: Large Diaphragm, Brand: Sony",
582,No,Yes,No,Yes,Yes,Yes,Yes,DMM00622,0,"Sony CineAlta Six Lens Kit - PL Mount",Lenses,
583,No,No,No,No,No,No,Yes,DMM00741,0,"Sony ECM-44BC","TV Studio Microphones",
584,No,No,No,No,No,No,Yes,DMM00098,0,"Sony ECM670","Microphones, Type: Condenser, Brand: Sony, Directivity: Shotgun",
585,Yes,Yes,No,Yes,Yes,Yes,Yes,"DMM00312, DMM00316, DMM00320, DMM00323, DMM00325",0,"Sony ECM-77B Lavalier (Tie-Clip) Mic","Microphones, FPBE Microphones",
586,No,No,No,No,No,No,Yes,"DMM00742, DMM00743, DMM00744",0,"Sony ECM-77B ","TV Studio Microphones",
587,No,No,No,No,No,No,Yes,DMM00099,0,"Sony ECM989","Microphones, Type: Condenser, Brand: Sony",
588,No,Yes,No,Yes,Yes,Yes,Yes,DMM00625,0,"Sony F55 Camera",Camcorders,
589,No,Yes,No,Yes,Yes,Yes,Yes,"DMM00623, DMM00624",0,"Sony F5 Camera Kit",Camcorders,
590,No,No,No,No,No,No,Yes,DMM00100,0,"Sony F730","Microphones, Directivity: Hyper, Type: Dynamic, Brand: Sony",
591,No,No,No,No,No,No,Yes,DMM00101,0,"Sony F740 x2 kit","Microphones, Directivity: Cardioid, Type: Dynamic, Brand: Sony",
592,Yes,Yes,No,Yes,Yes,Yes,Yes,"DMM00865, DMM00906",0,"Sony FS5",Camcorders,FPBE
593,No,Yes,No,Yes,Yes,Yes,Yes,DMM00932,0,"Sony FS5 Raincover (Rain Slicker)","Camera and Lens Accessories",
594,Yes,Yes,No,Yes,Yes,Yes,Yes,DMM01114,0,"Sony FX3 Accessories Kit","Camcorders, DSLR Cameras",FPBE
595,Yes,Yes,No,Yes,Yes,Yes,Yes,DMM01100,0,"Sony FX3 Cinema Camera","Camcorders, DSLR Cameras",FPBE
596,No,No,No,No,No,No,Yes,DMM00118,0,"Soundcraft Si Compact 16 kit","Portable Consoles",
597,No,No,No,No,No,No,Yes,Studio1FLSpare,0,"Soundcraft Si Performer",,
598,No,Yes,No,Yes,Yes,Yes,Yes,DMM00626,0,"Sound Devices 788T","Portable Recorders",
599,Yes,Yes,No,Yes,Yes,Yes,Yes,"DMM00326, DMM00332, DMM00338, DMM00344, DMM00350, DMM00357",0,"Sound Devices MixPre-6","Portable Recorders",
600,No,No,No,No,No,No,Yes,DMM00102,0,"Soundfield ST450","Microphones, Directivity: Omni, Directivity: Cardioid, Directivity: Fig-8, Directivity: Hyper, Directivity: Sub, Type: Condenser, Brand: Soundfield",
601,No,No,No,No,No,No,Yes,DMM01094,0,"Spatial mic recording kit",Stock,
602,No,No,No,No,No,No,Yes,DMM00583,0,"speed ring",,
603,No,No,No,No,No,No,Yes,DMM00215,0,"Stage Weight No. 1","Microphone stands",
604,No,No,No,No,No,No,Yes,DMM00216,0,"Stage Weight No. 2","Microphone stands",
605,No,No,No,No,No,No,Yes,DMM00217,0,"Stage Weight No. 3","Microphone stands",
606,Yes,Yes,No,Yes,Yes,Yes,No,DMM01004,0,"Stores Collection/Return Slot",Stock,
607,No,No,No,No,No,No,Yes,Studio1Ctrl,1,"Studio 1 control (25A)","PATS Studios, PATS Studio 1",
608,No,No,No,No,No,No,Yes,Studio1Flor,1,"Studio 1 floor (26)","PATS Studios, PATS Studio 1",
609,No,No,No,No,No,No,Yes,DMM00160,0,"Studio 1 headphone kit","Headphones and Headphone amps",
610,No,No,No,No,No,No,Yes,Std1Steinway,0,"Studio 1 Piano - approval required, please enter name of pianist and repertoire in Booking Notes",,
611,No,No,No,No,No,No,Yes,DMM00124,0,"Studio 2 Bass Amp","Monitors and Amps, Performance equipment",
612,No,No,No,No,No,No,Yes,DMM00122,0,"Studio 2 Blackstar","Monitors and Amps, Performance equipment",
613,No,No,No,No,No,No,Yes,Studio2,1,"Studio 2 control (25B)","PATS Studios, PATS Studio 2",
614,No,No,No,No,No,No,Yes,DMM00123,0,"Studio 2 Fender - Twin reverb","Monitors and Amps, Performance equipment",
615,No,No,No,No,No,No,Yes,"Studio 2 Floor",1,"Studio 2 floor (25B)","PATS Studios, PATS Studio 2",
616,No,No,No,No,No,No,Yes,DMM00161,0,"Studio 2 headphone kit","Headphones and Headphone amps",
617,No,No,No,No,No,No,Yes,DMM00128,0,"Studio 2 Recording Kit","Musical Instruments",
618,No,No,No,No,No,No,Yes,Studio3,1,"Studio 3 (50)","PATS Studios, PATS Studio 3",
619,No,No,No,No,Yes,Yes,Yes,DMM00892,0,"Studio one Remote controls",Stock,
620,No,No,No,No,No,No,Yes,"DMM01068, DMM01069, DMM01070",0,"Studio Pro SP-5H Headphones No. 1","Headphones and Headphone amps",
621,No,No,No,No,No,No,Yes,DMM00922,0,"Surround microphone tree","Research equipment, Trees & stereo bars",
622,No,No,No,No,No,No,Yes,SynthLab,1,"Synth Lab (Project Room)","PATS Rooms",
623,No,No,No,No,No,No,Yes,DMM00105,0,"Tascam DA3000 Location Kit 1","Portable Recorders",
624,No,No,No,No,No,No,Yes,DMM00106,0,"Tascam DA3000 Location Kit 2","Portable Recorders",
625,No,No,No,No,No,No,Yes,DMM00111,0,"Tascam DA88","Portable Recorders",
626,No,No,No,No,No,No,Yes,DMM01065,0,"Tascam DR-07X Recorder kit","Portable Recorders",
627,No,No,No,No,No,No,Yes,"DMM00364, DMM00365, DMM00366, DMM00367, DMM00368, DMM00369, DMM00370, DMM00371, DMM00372, DMM00373",0,"Tascam DR-60D Audio Recorder","Portable Recorders",
628,No,No,No,No,No,No,No,DMM00107,0,"Tascam HDP2 no. 1","Portable Recorders",
629,No,No,No,No,No,No,Yes,DMM00108,0,"Tascam HDP2 no. 2","Portable Recorders",
630,No,No,No,No,No,No,Yes,DMM00109,0,"Tascam HDP2 no. 3","Portable Recorders",
631,No,No,No,No,No,No,No,DMM00110,0,"Tascam HDP2 no. 4","Portable Recorders",
632,No,No,No,No,No,No,Yes,DMM00162,0,"Tascam MH40","Headphones and Headphone amps",
633,No,No,No,No,Yes,Yes,Yes,TB7,1,"TB07 - Listening room (49)",Other,
634,No,No,No,No,No,No,Yes,DMM01026,0,"Teenage Engineering OP-1 Sampling Synthesizer","Computer Interfaces & Peripherals","UOS / CMT"
635,No,No,No,No,No,No,Yes,DMM00205,0,"Tree kit no. 1","Trees & stereo bars",
636,No,No,No,No,No,No,No,DMM00206,0,"Tree kit no. 2","Trees & stereo bars",
637,No,Yes,No,Yes,Yes,Yes,Yes,TVAllGalleries,1,"TV Studio - All Galleries (07AAC01)","TV Studio Rooms",
638,No,Yes,No,Yes,Yes,Yes,Yes,TVFloor,1,"TV Studio - Floor (07AC01)","TV Studio Rooms",
639,No,Yes,No,Yes,Yes,Yes,Yes,TVSound,1,"TV Studio - Sound (07BAC01)","TV Studio Rooms",
640,No,Yes,No,Yes,Yes,Yes,Yes,TVVision,1,"TV Studio - Vision (07CAC01)","TV Studio Rooms",
641,Yes,Yes,No,Yes,Yes,Yes,Yes,DMM00911,0,"UltraSync One",Camcorders,FPBE
642,Yes,Yes,No,Yes,Yes,Yes,Yes,DMM00912,0,"UltraSync One No.2",Camcorders,FPBE
643,No,Yes,No,Yes,No,Yes,Yes,VanA,0,"Van A (BP17 YKA)",Vans,
644,No,Yes,No,Yes,No,Yes,Yes,VanB,0,"Van B (BP17 YKB)",Vans,
645,No,No,No,No,No,No,Yes,DMM00833,0,"VariCam LT",Camcorders,"FASS / DMA"
646,No,No,No,No,No,No,Yes,DMM00782,0,Vibraphone,"Musical Instruments",
647,No,No,No,No,No,No,Yes,DMM01084,0,"Victory - Sheriff 22 Head.","Monitors and Amps, Performance equipment",
648,No,No,No,No,No,No,Yes,DMM01092,0,"Victory -  V212-VB Gold Cab","Monitors and Amps, Performance equipment",
649,No,No,No,No,No,No,Yes,DMM01085,0,"Victory -  V212-VH Cab","Monitors and Amps, Performance equipment",
650,No,No,No,No,No,No,Yes,DMM01091,0,"Victory - VC35 Copper Head","Monitors and Amps, Performance equipment",
651,No,No,No,No,No,No,Yes,DMM00712,0,"Vinten Pro Touch Large tripod","Tripods & Mounts",
652,No,Yes,No,Yes,Yes,Yes,Yes,DMM01119,0,"Vinten PT 117 Tripod","Tripods & Mounts",
653,Yes,Yes,No,Yes,Yes,Yes,Yes,DMM01064,0,"Vinten Vision 5LF Tripod","Tripods & Mounts",FPBE
654,Yes,Yes,No,Yes,Yes,Yes,Yes,DMM00889,0,"Vinten Vision Blue Tripod","Tripods & Mounts",FPBE
655,No,No,No,No,No,No,Yes,DMM01090,0,Violin,"Musical Instruments",
656,No,No,No,No,No,No,Yes,DMM00195,0,"VRM box No1","Headphones and Headphone amps, Research equipment",
657,No,No,No,No,No,No,Yes,DMM00196,0,"VRM box No2","Headphones and Headphone amps, Research equipment",
658,No,No,No,No,No,No,Yes,"DMM00816, DMM00817",0,"Wacom graphics tablet ","Computer Interfaces & Peripherals",
659,No,No,No,No,No,No,Yes,DMM00180,0,"Wacom graphics tablet screen","Research equipment",
660,No,No,No,No,No,No,Yes,DMM01267,0,"WD Elements 1TB HD #1","Hard Drives",
661,No,No,No,No,No,No,Yes,DMM01276,0,"WD Elements 1TB HD #10","Hard Drives",
662,No,No,No,No,No,No,Yes,DMM01268,0,"WD Elements 1TB HD #2","Hard Drives",
663,No,No,No,No,No,No,Yes,DMM01269,0,"WD Elements 1TB HD #3","Hard Drives",
664,No,No,No,No,No,No,Yes,DMM01270,0,"WD Elements 1TB HD #4","Hard Drives",
665,No,No,No,No,No,No,Yes,DMM01271,0,"WD Elements 1TB HD #5","Hard Drives",
666,No,No,No,No,No,No,Yes,DMM01272,0,"WD Elements 1TB HD #6","Hard Drives",
667,No,No,No,No,No,No,Yes,DMM01273,0,"WD Elements 1TB HD #7","Hard Drives",
668,No,No,No,No,No,No,Yes,DMM01274,0,"WD Elements 1TB HD #8","Hard Drives",
669,No,No,No,No,No,No,Yes,DMM01275,0,"WD Elements 1TB HD #9","Hard Drives",
670,Yes,Yes,No,Yes,Yes,Yes,Yes,DMM00930,0,"Westcott Fast Flags",Stock,FPBE
671,No,No,No,No,No,No,Yes,DMM00177,0,"XL2 SPL meter","Research equipment",
672,No,No,No,No,No,No,Yes,DMM00191,0,"XSens head tracker","Research equipment",
673,No,No,No,No,No,No,Yes,DMM00117,0,"Yamaha 03D no. 1","Portable Consoles",
674,No,No,No,No,No,No,Yes,"DMM00433, DMM00434, DMM00435, DMM00436, DMM00437, DMM00438, DMM00439, DMM00440",0,"Yamaha MSR 100 Monitor No. 1","Performance equipment",
675,No,No,No,No,No,No,Yes,DMM00852,0,"Zhiyun Crane 2","Tripods & Mounts","FASS / DMA"
676,Yes,Yes,No,Yes,Yes,Yes,Yes,DMM01113,0,"Zhiyun Crane-M Gimbal Stabilizer",,
677,No,Yes,No,Yes,Yes,Yes,Yes,DMM00832,0,"Zoom F4","Portable Recorders",
678,Yes,Yes,No,Yes,Yes,Yes,Yes,DMM01104,0,"Zoom H1 Handy Recorder","Portable Recorders",
679,No,No,No,No,No,No,Yes,DMM01130,0,"Zoom H3-VR Handy Recorder","Portable Recorders",
680,No,No,No,No,No,No,Yes,DMM00968,0,"Zoom H4n Kit 1","Portable Recorders",
681,No,No,No,No,No,No,Yes,DMM00374,0,"Zoom H4n Kit 2","Portable Recorders",
